Date,AMZN_Ret_1D,BRK-B_Ret_1D,GOOGL_Ret_1D,LLY_Ret_1D,NVDA_Ret_1D,WMT_Ret_1D,XOM_Ret_1D,AMZN_Ret_1W,BRK-B_Ret_1W,GOOGL_Ret_1W,LLY_Ret_1W,NVDA_Ret_1W,WMT_Ret_1W,XOM_Ret_1W,AMZN_Ret_1M,BRK-B_Ret_1M,GOOGL_Ret_1M,LLY_Ret_1M,NVDA_Ret_1M,WMT_Ret_1M,XOM_Ret_1M,AMZN_Ret_3M,BRK-B_Ret_3M,GOOGL_Ret_3M,LLY_Ret_3M,NVDA_Ret_3M,WMT_Ret_3M,XOM_Ret_3M
2024-09-03,-0.012605042016806678,0.0019120295824026634,-0.03684663838455016,-0.0036352542801465493,-0.09525015946196969,-0.0007769159427526429,-0.020942709033233364,0.004273504273504258,0.04915398978615593,-0.052961024242751065,0.006312371460047483,-0.14597501740770535,0.014994183607190958,-0.0281118933065152,0.04973202148335787,0.11315249528016236,-0.055802368823391846,0.19069498113161387,0.006805297767445095,0.13044065649183412,-0.004109658841436992,-0.011719167773957095,0.149569605702363,-0.09025474775760844,0.15230673247085091,-0.060792528055008344,0.17578209825614688,0.017034881982696426
2024-09-04,-0.016567365497562103,0.0036491428831089134,-0.005782842430727464,-0.010684528961004691,-0.01657394720301919,0.0009069727737438527,-0.012211101580465678,0.0012130702390849013,0.03894666489641785,-0.04997562587926929,-0.008559700933959746,-0.1721745761681308,0.014580315576324221,-0.03076138773378101,0.07645011322794448,0.1567485398631252,-0.01758237240874594,0.22234114848658115,0.05734204762566586,0.14602990180876052,0.0018147658263516497,-0.033511735416301924,0.16858351952411854,-0.09874225144401139,0.13817378552307868,-0.08775782843280688,0.16306557378388353,0.02048706612269746
2024-09-05,0.026308183871355473,-0.028522460011241035,0.005049637398336193,-0.035463996595122005,0.00941532072164697,-0.0036251053672610167,-0.007802855595728797,0.04151051645907833,0.0007103404990316253,-0.034448722304004864,-0.03813729810261424,-0.14648511608517734,0.011566667916243611,-0.02875038989992551,0.09856115257055897,0.10134078100822652,-0.006633388563838882,0.15235556464109434,0.02839334759198686,0.13934698961505765,-0.000691033513662398,-0.018700349804038008,0.1343662474176217,-0.1025569847028932,0.09890521083274151,-0.1243155216792643,0.1503855856490406,0.008496480044100307
2024-09-06,-0.03653943460735232,-0.011829991915060734,-0.04019344926867696,-0.010999708242583783,-0.0408544883335239,-0.004157921460207992,-0.004683323785148907,-0.004241202348640782,-0.019108785325186783,-0.06712820392014418,-0.039874491275224244,-0.12552085875743768,0.0028788525074625593,-0.04647426775242658,0.05295813043512898,0.07587472541718676,-0.050459335628271096,0.17073495830958874,0.03963193941326515,0.14868418225082047,-0.018440143974401413,-0.07356757086676524,0.11759275185966955,-0.14506188826118727,0.07963957669938138,-0.150081464281422,0.1445785977313092,-0.0037129111875789933
2024-09-09,0.023396899008788496,0.00041350380539739717,-0.013335878931357903,0.00615924390122502,0.03539829380807302,0.009133562000191553,0.02104055776951319,-0.01736698097207634,-0.03427052365102623,-0.08858272660157762,-0.05390502079021686,-0.10806735289933034,0.0014241786437025894,-0.024843109907386918,0.05790102936083619,0.06504605888405979,-0.08098899452191988,0.07598291620768283,0.014289851866605252,0.14632635085057522,-0.016575335128980795,-0.048290879044500135,0.1109203905913625,-0.14548758788711047,0.07005860824796684,-0.11919509707443043,0.1772988967815392,0.02825653392153371
2024-09-10,0.023660258265018275,-0.0015012117791574076,-0.00033643260692439725,-0.007728983292699332,0.015309304340800356,0.0190069698736397,-0.03643162943479794,0.018723421570257193,-0.03756050090993368,-0.05403367810399795,-0.0577922081697978,0.0009258635603637266,0.02125164452210937,-0.04027032503467254,0.07553612331338933,0.06312692369714923,-0.09050369182465523,0.012144732631193866,0.03198079161710021,0.1631294168916635,-0.06005727032386665,-0.04014751740004452,0.11711013888428723,-0.14943575063004388,0.04336339162954772,-0.11233373870066254,0.18032590704487572,-0.012095796907443779
2024-09-11,0.02768031821904482,-0.012681964512177957,0.016817071338941503,0.02179202839682448,0.08149877704877961,0.0003805717997868996,-0.009925981773632575,0.06455894722895805,-0.05322105612742223,-0.03253057172417184,-0.026862068805626138,0.10074376642582106,0.02071454379751181,-0.038050116553915436,0.10623501736510543,0.052766074216727965,-0.06734505212266428,0.042738262345138445,0.07237206323253997,0.1508690534170738,-0.07056020088699344,-0.014474130838638466,0.10917994150187416,-0.1430155462405317,0.06509077783019546,-0.0330824981049892,0.184845228923058,-0.013966865111098237
2024-09-12,0.013440254011034547,-0.004921675030431727,0.02335275148722582,0.015343773062888477,0.01916161815923134,0.010400992688428534,0.013762367697376598,0.05121142639613541,-0.03022029145822258,-0.014911836624596608,0.024398814851447792,0.11137187552018601,0.03508327423752311,-0.017142311940401056,0.0985138030509154,0.042690944471078796,-0.056437251087016804,0.031139813503662905,0.02591866839868784,0.1725681691787757,-0.04865512325620314,0.0005885847862956428,0.10299192023636428,-0.12877402955624828,0.07958782984155621,-0.04832125139469712,0.2047512643423801,0.01077704460635509
2024-09-13,-0.0027272433520638684,-0.007230487282210207,0.017906833234784036,-0.01209599703043096,-0.00033575218836301435,0.011800066662865927,-0.0007192669072408897,0.08810319246916132,-0.025706385727642167,0.044718825970190945,0.02326328744628392,0.15832135631910527,0.05167008750102253,-0.013227875589174598,0.09635507819837574,0.020845175508959812,-0.016842568848693173,-0.007169006615812434,0.008724379625384637,0.1772463150611927,-0.05805079257710277,0.014469910436893718,0.10270489393164683,-0.09985748694493035,0.047174576177493766,-0.08101081421766976,0.21184014795815287,0.01821925564929372
2024-09-16,-0.008579580976924128,0.009316176055498726,0.003810311701118785,-0.00018405693601597495,-0.019479398424273597,-0.0004962560123324966,0.014035036692728209,0.05410493627932955,-0.01703615417814819,0.06287388782449366,0.016812154678464086,0.09692855387933519,0.04163435790763104,-0.019998275513978037,0.041105936157960654,0.024816265611755206,-0.01878636686043267,-0.00863046855123839,-0.049405973478955256,0.1039849807166362,-0.0507032827166366,0.006697134395150961,0.11402078527414394,-0.10475861076235338,0.05279802478195261,-0.11442235154431968,0.20545567540606546,0.04131076138113521
2024-09-17,0.010763186217390919,0.010845973504192585,0.007971631048668382,-0.018797271976150998,-0.010190111185763628,-0.02432967605743419,0.01304232939868033,0.04082429243368879,-0.0048810700915440375,0.07170728358477052,0.005470121831258945,0.06937927714293957,-0.0026645926323070057,0.03031944604585224,0.05546146763595794,0.027378422628937082,-0.02103964784296275,-0.017286280956419486,-0.07208315429596845,0.07011582618854484,-0.033764879046121465,0.015321130944386807,0.12118232461945566,-0.09991322750001563,0.025351323565085737,-0.11742344112061753,0.16914922363463392,0.06219315850896301
2024-09-18,-0.0024080275860086653,-0.00017514796695372592,0.0030756417725499308,-0.0013352829368995511,-0.019205847943485677,0.005470816707032533,0.0035032769119802687,0.010351118356251687,0.0077245640098277946,0.057224058855098514,-0.017287758342100723,-0.030196830906900618,0.002410157539056046,0.044294589434175746,0.04606661092382702,0.017447728862290734,-0.03988693484711381,-0.01826844674859096,-0.12784851614230586,0.0720292922394783,-0.033324876050577545,0.01980195375270566,0.1192547921086835,-0.08605810739042818,0.016573221344271305,-0.16374316975577763,0.1724154780549576,0.055974426825822876
2024-09-19,0.01845197970580159,0.006811181143211442,0.014579892380586656,0.01112739394741502,0.039693098189876874,-0.012526849026756826,0.012393064516686536,0.015347567471590828,0.01960653056008521,0.04816083241728797,-0.02136862974957221,-0.01065969955784618,-0.020336357549569528,0.042884045949377114,0.06143777915018922,0.025314493876200883,-0.028860179673276032,-0.03676952672403311,-0.07363398741817695,0.046954927075393504,0.012393064516686536,0.020257866147381343,0.12357325751637549,-0.0790972241471255,0.034231216655581154,-0.09863835040648239,0.150749042590673,0.046482010682080244
2024-09-20,0.009111555436973395,-0.009571238342150235,0.008942735447231343,0.007049019827677361,-0.015864840566789606,0.013070088386212042,-0.006293187938454792,0.02740093549162803,0.017202503203728847,0.03893030572064293,-0.002403311231781835,-0.0260284125987873,-0.019106673792394058,0.037066908558122114,0.06379437818126177,0.019502891482404694,-0.01231808763593567,-0.03201769337341798,-0.09719890554199162,0.050770729412065174,0.012472529243338304,0.013327714449212769,0.11154241244579599,-0.08808626679893772,0.04400777733067329,-0.08343261896726695,0.16750618306920573,0.049097173016087625
2024-09-23,0.011899784481557152,-0.0007247514309701719,-0.010636166116921308,-0.0032230889543176655,0.0022413652661483763,0.016063750353268347,0.018131398599515736,0.04862353573931255,0.007083120580100077,0.02397839355045628,-0.00543559762364243,-0.004452724482566617,-0.0028550090800967265,0.04125631151293807,0.10077783176018129,0.013250812246857757,-0.0105934691932279,-0.0373622406307631,-0.06036882784513653,0.06284733402104559,0.022923307036371465,0.044780930272179775,0.0990385982702775,-0.09572162906037007,0.033359346091543784,-0.015579069519906175,0.16921578888176092,0.03730694562499859
2024-09-24,0.0004126358007008335,-0.00092314699018059,0.0027184446502708237,0.006434321909737362,0.03965247478219269,0.004232498565369225,-0.002641398599761202,0.03788528278075742,-0.004642189610203906,0.018641785650434395,0.02013959125160869,0.045678771702611476,0.026335823782197565,0.02513578002821415,0.09557170170238405,0.002602657071491876,-0.0188060185643103,-0.029714084367532756,-0.06562290358914391,0.06565394671764047,0.006275875610582071,0.04089304779291281,0.10606612698838203,-0.11696273753272846,0.023338061395851817,-0.041316966307207825,0.19993973156336886,0.031672260958020004
2024-09-25,-0.007372694808574054,-0.00483987200556002,-0.004929467516702202,0.0001405926001494251,0.02184158981151829,0.009049365994850955,-0.019478843055861228,0.03272008980939067,-0.009286072481987429,0.010512449754767506,0.02164720340749926,0.08944171034084958,0.02998863326232426,0.0016582348901112987,0.09703703008146358,-0.004686582605953671,-0.0268157693533827,-0.02732146925391954,-0.023243934344219674,0.07063013164659981,-0.03400373211693963,-0.005578233705128888,0.1026177901423746,-0.12059885536100123,0.027286209273170492,-0.022780374572519246,0.19537306369731078,0.01122279166248319
2024-09-26,-0.007115748848874004,0.004023360560515332,0.007678487680616408,-0.01648358553111795,0.004291112163702371,-0.018181870114537646,-0.017164729006427293,0.006794167472989443,-0.012029320402180632,0.0036387127307146994,-0.006251041795272916,0.05234576320705919,0.02409013623935996,-0.027586144911860844,0.10420522789820041,-0.014002588061262311,-0.010529862777059695,-0.047313748693049384,-0.03312081303945391,0.04978333230005538,-0.04146829864987844,-0.033813506368587265,0.11332265984904222,-0.12115896080788002,0.001705680691454825,0.0004888023327076496,0.1807279129634385,-0.01037298412399934
2024-09-27,-0.016687603998192135,0.007243842965294345,0.0074970931611553215,-0.034674204536233044,-0.02128340222345626,-0.0017517227762944287,0.02677295688248993,-0.018945745131403124,0.004744028625972341,0.0022006702015482382,-0.04742322897606466,0.04655163996350642,0.009107095296057688,0.004771464966580874,0.10052691956769033,-0.015325330233777135,0.008090627712980858,-0.07497838122071498,-0.03343378289525656,0.04863305793744832,-0.0060075627927024255,-0.027322115287435333,0.1245575588697454,-0.09872323868255406,-0.029118711090832305,-0.017238300650881055,0.18161889181568625,0.014180431002385863
2024-09-30,-0.008724793206352333,0.006098779236839658,0.011589040393195305,0.009284655437223455,0.0003294388920089819,0.012158359132976582,0.01208767368228525,-0.03894162812880719,0.011604902746937373,0.024714245184762174,-0.03547011626522967,0.044555185065824565,0.005228443007819772,-0.0011929541126203258,0.08255872133968123,-0.017315339232038873,0.02651808033229308,-0.05771113865282873,0.03282922635597241,0.05666056760055205,-0.0077034185236715125,-0.05512167994627548,0.13591156492609247,-0.09246359039750407,-0.029738697037886896,-0.0229253778416999,0.2000617582274813,0.027868108218127574
2024-10-01,-0.006440170323887107,-0.006192165391398885,0.00687357883869355,-0.001647958896456303,-0.036561267741025416,0.006439535977182276,0.023119020348637553,-0.04552485834917941,0.00626981282739969,0.028960527095948096,-0.04321587890130263,-0.032017960150395375,0.00743766924208944,0.02460487619089169,0.03714288449754899,-0.03889311069797163,0.023452059216555243,-0.07868577736214444,-0.01977047068057891,0.05231106903513294,0.01687304728977379,-0.07434997558593748,0.12358142177428788,-0.09732463240594935,-0.023154251925272096,-0.046139930851208155,0.19732098857339375,0.05881539935035818
2024-10-02,-0.0019986515757441925,-0.0016177832326589314,-0.00676682635751924,0.007450764881982819,0.015812026920395184,-0.010335843141981882,0.013257623364243853,-0.04035736935399836,0.009527872083606725,0.02706059170484232,-0.0362226053420619,-0.03772971493210009,-0.011916577010596896,0.05881315704822154,0.04828365677637403,-0.04227916387862474,0.0554150329098384,-0.06843480534574053,0.10055719317181988,0.042244283088789025,0.05239435594476061,-0.06493244632240702,0.12544058405548442,-0.10623136723256166,-0.006441107540834046,-0.0734317389722079,0.1819938387440223,0.06743047045820205
2024-10-03,-0.015154729791167831,-0.008124076167841832,0.0,-0.006194897352104434,0.03365585793539205,0.0,0.008722971869302043,-0.04812720638206269,-0.002686162403402137,0.01923441282232563,-0.026140409517224072,-0.009593627753361589,0.006381317387846197,0.08670210151522384,0.049789446671928195,-0.05351362491839251,0.06155383144884197,-0.06420725137928063,0.15676962846318965,0.041299852473292376,0.0746976039167897,-0.09019996643066408,0.10163673580901489,-0.12864579545602972,-0.03037775686669797,-0.02359925560706011,0.15161695605586734,0.08994337702816102
2024-10-04,0.02500542770436165,0.01989140307222592,0.007234954143431782,0.0018179917395479972,0.01684978676440796,0.006340950741760887,0.018355343548116076,-0.007767232560438875,0.009836710577725949,0.01896921989063305,0.010674389681087693,0.02899502339802007,0.01453992444193597,0.07779318154524306,0.048456884292333635,-0.0063452037379109205,0.06386200736111891,-0.02803626946197668,0.16528937682203027,0.051715262187012945,0.10303083799351875,-0.0641276492038807,0.12929015445514658,-0.11505222984285113,-0.03224452048634763,-0.025501553110299113,0.164906826928922,0.12172393786095204
2024-10-07,-0.03061493551686767,-0.018334526480771718,-0.024422389793474553,0.01266968943607849,0.022414338881298068,-0.02273284152380206,0.00432582765266587,-0.029678520501013717,-0.01468737153390176,-0.017304936371670965,0.014064084701627344,0.05171279146290142,-0.020433373716999603,0.06952743051945376,0.05490404163381846,-0.01288584139721105,0.08134285386994544,-0.0047746018375313115,0.24215622480354648,0.03209816892918371,0.11301496877072492,-0.09300689087355385,0.10469651207385344,-0.13643632627199132,-0.03522217850084919,-0.027775076165141632,0.134842167400836,0.13916835957348073
2024-10-08,0.010619458719785868,0.000661494582069988,0.008590046472919832,0.017052578255561945,0.04047913816037507,0.007711685562948212,-0.02656131806602058,-0.013017898765977476,-0.007892297589117359,-0.015629687058865027,0.03305893051726616,0.13581194342040992,-0.019195191756424812,0.017593604996534395,0.04173322450933936,-0.012641147372265182,0.1053727564924527,0.006000355591748274,0.24825165926312853,0.030643935195827643,0.06112515896507498,-0.08543967485389814,0.09669150637237611,-0.13904104815722618,-0.026371409505961396,-0.014888763987601972,0.1353104110736134,0.09920065654349841
2024-10-09,0.013408477078997505,0.004627602820636678,-0.01533037617460331,0.006588381835578083,-0.0018058437153170015,0.0086564588926612,0.0004096645876154881,0.0022191149290935464,-0.0016861617986919653,-0.024116822242253755,0.03217462674911187,0.11611283831496721,-0.00037290641234255517,0.004690666605656757,0.03130044567900936,-0.006580710021106051,0.08879328188449143,0.02051581978214556,0.2272097837792304,0.02017522233702751,0.10169646160453549,-0.05065370278507908,0.08863841450257581,-0.12661113240277888,-0.014039622534258056,0.0412979195502885,0.15514583201569931,0.08673675405180781
2024-10-10,0.007992632403596822,-0.002127662280520637,0.0013590911478544854,-0.00983965969597822,0.01628326201494712,-0.009825941971274732,0.008600161627459357,0.025774824189758405,0.004349172681619606,-0.02279050805402305,0.028389144865537785,0.0973543925587601,-0.010195184226848841,0.004568347289864549,0.011543407623589186,0.004038813832740296,0.07224109618859598,-0.011076360630308368,0.1532077416113078,0.009766751051998757,0.12231127045359935,-0.040310614300204994,0.07183580732022099,-0.12306134317883421,-0.03842009919112177,0.043187099328686473,0.15304626088768147,0.09588932023946883
2024-10-11,0.011626110360002828,0.011606178674308243,0.007157217135204341,0.023465731654897848,-7.405390195558414e-05,0.0061550988334069245,0.0038168156872608883,0.012385463972002464,-0.0038097923262860878,-0.022865927738380587,0.050611046371979995,0.07909068130471875,-0.010377982227639637,-0.00977335081948194,0.009732659487800888,0.0207154976801307,0.05527185710487359,-0.0031657425099150815,0.13144208095375398,0.005523522398898084,0.11130079554596572,-0.02023658090380609,0.059366459256449344,-0.12369795732278233,-0.017988855465500997,0.04960713206227174,0.15397665933216387,0.08154817433059547
2024-10-14,-0.006779016992029097,-0.0004997294127032648,0.010536562362151392,-0.002735855386958308,0.02425818596855467,0.0023719541457676296,0.0038023029975320366,0.03727870641929987,0.014288888613733564,0.0121487988445661,0.03462830714782683,0.08103673989754556,0.015044194636484765,-0.010289525999630511,0.005630263081349174,0.027635723150925662,0.047631040502422284,0.0062790110462260795,0.1592780435062071,-0.003846104289340402,0.11632923656947991,-0.02839089661708183,0.04802920342444916,-0.10189804797608615,-0.011460511260211304,0.09276527708007287,0.15043393314676679,0.07789503999901148
2024-10-15,0.0007998782160802964,0.005869780479511588,0.0030310501221071373,-0.017417857915305035,-0.04686030433050681,0.016938621363674855,-0.030061288114060947,0.027200094064688596,0.019568102956546873,0.006570187892641188,-0.0004378140976274425,-0.009707170971966828,0.024338269274092106,-0.013848000795753213,0.015144156314571111,0.024126773929647127,0.04681776073300048,-0.011066193665014046,0.12690536007926534,0.013530339894906263,0.06778454646919196,-0.0012770193355406967,0.0383070574838027,-0.08474449651664295,0.009944974371990378,0.11544430421256524,0.15279087944076153,0.03127264190078738
2024-10-16,-0.004262363692000948,0.006505597417812314,-0.0018131343721043969,0.0033942916867326645,0.03130695678832418,-0.005266456561462518,0.002575842363309322,0.009288768362647026,0.021474026488240705,0.020388073904065607,-0.0036096088339496735,0.023143521131703926,0.01019889110049288,-0.011712695010784868,5.348087850376437e-05,0.01972937266822994,0.03665590110167871,0.011300221444593417,0.1741500571226482,0.033333290605930044,0.05675247723786647,0.01708843205250843,0.05402651469260222,-0.06928259883840449,0.08104666087620127,0.120915156898457,0.15012015499154363,0.023833428245701338
2024-10-17,0.0034244710350397334,0.00034358406079260106,-0.013502131896000136,0.0007638667234313168,0.008915287559807528,-0.004063026336292408,-0.0025692244461401614,0.00471473298467151,0.024003722778323855,0.00524444072428909,0.007060634566761426,0.01572581033255749,0.016078353339237905,-0.022657133531645335,0.005900370899164509,0.020258431617065975,0.019523148410902857,0.013425930383806683,0.2078150548067319,0.023535256450802677,0.05035774888882605,0.02402661376708859,0.07222594147960981,-0.08169424329533148,0.07105970735484335,0.16121176675196836,0.1465804311227923,0.045221998538196306
2024-10-18,0.007785456851548744,-0.002253983678844329,0.0030074954257415243,0.0009267626381164185,0.007814355082992996,0.005192342497235547,-0.002825119596998271,0.0009003186227687365,0.009973699882912301,0.0011026000980005612,-0.015117058089169966,0.023738864338944676,0.015106101771007463,-0.029123899148806975,-0.00463469556356344,0.011072189929524301,0.007894368196876389,0.0032021105792907623,0.1707814090896964,0.04190154542051849,0.0345688837058582,0.03527801880989467,0.06610389485848334,-0.0992631375666867,0.061529564542687876,0.11714264318591638,0.15859311294692824,0.04950274896689333
2024-10-21,0.0004233124965837831,-0.0013769022109880735,0.003977591383647727,-0.012898032750751076,0.04137678680206358,-0.006149461939951917,0.0005833396525094514,0.00815833471717986,0.009087335484031511,-0.005395138969647606,-0.025153070305527603,0.040848785661951936,0.006476429493599056,-0.03223727572890245,-0.013204586110138194,0.01943731995996134,0.0029343832907422485,-0.016668744614967368,0.23887920288063302,0.022135016513306738,0.04172817997635203,0.014269640093623748,0.06946842980134504,-0.0962773327111699,0.03313966839615268,0.17238186186584836,0.1470675272356441,0.06733755326578783
2024-10-22,0.003332044214411578,-0.00583848550865429,0.006521520127803937,0.003332764743366301,-0.0008349934595188735,0.01497347743400046,0.005163268146685995,0.010709118656777816,-0.002658382658037084,-0.0019339914463243346,-0.004565803428138504,0.09110940238732357,0.004531502824251632,0.0029082567778460078,-0.02155976804878279,0.014220407632144383,0.020327411904908166,-0.010201323695374409,0.2350764893049293,0.021038228907260814,0.028459492896369065,0.04905156792219989,0.06619691594762078,-0.04211804621788329,0.0587760276414242,0.25691280839035424,0.16506788276771234,0.057923200753718485
2024-10-23,-0.026304640562205495,-0.0018204070500530412,-0.01429090656651999,-0.006489488790122899,-0.028066086477301466,0.015240149906955436,-0.003562657330164476,-0.011664576397349968,-0.010908580951301206,-0.014410252874477503,-0.01437117421765366,0.028293491635380308,0.025240095943910745,-0.0032322781988408655,-0.04769024376064157,0.013309547310504044,0.0030193555927866544,-0.022911512969583825,0.15462883498786617,0.032230092192205406,0.027509506316450327,0.027022521242252795,0.06305240432011527,-0.025609541669935565,0.10146510821344168,0.24307035826973977,0.19262141957254086,0.032430158696791
2024-10-24,0.009041189476714617,-0.006165728985929375,-0.00036863484992788464,-0.01320778083391494,0.00609062345434741,-0.0027620005461457264,-0.0056539305559139,-0.006132319650029916,-0.01734467529028716,-0.0012888458739835906,-0.028131521722283837,0.025414574295624437,0.026579401383098,-0.006314933714215321,-0.03194304230757461,0.011959509765004706,0.007616621106195209,-0.03595222154546429,0.1368310470369296,0.020147385057744938,0.04199693365760049,0.021260300727739656,0.04594887625849453,-0.024335678544000205,0.10930066975553476,0.24201334106857764,0.19341790215401322,0.027467810681974125
2024-10-25,0.007779788122410869,-0.008213686651124208,0.01567106098091897,0.0015481512980917156,0.008047824686881144,-0.006382533918323552,-0.000836114581217906,-0.006137910092559595,-0.023214239050603935,0.011320475819662779,-0.027528172832103848,0.02565212115460147,0.014758251142092726,-0.0043328896216588975,-0.017419971580146743,-0.0003742633160804809,0.015608703701241122,-0.01827742163756052,0.14108354651583133,0.03240735622713986,0.059308447259208696,0.025272952838097273,0.0358194252800097,-0.023834717003639705,0.106658071655517,0.2685017553880067,0.18852616955643398,0.037484879441837204
2024-10-28,0.002981406341556969,0.00986758082946837,0.00877355812531011,0.0032375216610724955,-0.007206311969602308,0.002908797713539135,-0.004937691089328289,-0.0035965933687421847,-0.012215644137795856,0.01615151927005365,-0.011631768405963139,-0.02219737860277482,0.02400707012679626,-0.009826793534694955,0.0022343893505227808,0.002229630382211134,0.016895445803392306,0.02027826367354102,0.1574959953370565,0.03722735516661535,0.026592979794423766,0.03676183164915092,0.039047228589560445,-0.0196652067961407,0.13494076697840596,0.3547869336317,0.19939105350776098,0.014278077270129863
2024-10-29,0.012951868195294036,-0.0084407406914363,0.017754335623800577,0.008921463792182172,0.0051948466721249975,-0.01268898637304161,-0.013624924643008907,0.005956799688936254,-0.014801206867840366,0.02749180589451461,-0.006126423828481609,-0.01629645788524292,-0.0039015985678295673,-0.0283347968489841,0.02415070013298304,-0.012253974989722694,0.023093081791618397,0.01991111597245654,0.16312583067150777,0.01176459409808528,0.0005118668440182716,0.020590470593045307,0.036761676436003476,-0.009530409742670387,0.12504823726880443,0.20716204419499218,0.1936606648886361,-0.003084549805425163
2024-10-30,0.009956473710913016,0.0007478693008278192,0.028170625554434725,-0.0628058454766417,-0.013522109433509621,-0.0037942261701433555,-0.005030667355054641,0.043419353159872776,-0.012266329598069836,0.07175321791825584,-0.06246336056488366,-0.001576360628260387,-0.022577092818519384,-0.029766311102796372,0.04105218302963576,-0.00535627158876284,0.044733197904903044,-0.04256745449609878,0.19094019939796514,0.001476685252143728,-0.02701581667602826,0.04704725408125143,0.053611528281818144,0.023023541092902722,0.018707983556411234,0.2759995736494385,0.16953720030064168,0.005809695127719561
2024-10-31,-0.03284388507953562,-0.008879853400785565,-0.019202012145393188,-0.020181101615744823,-0.047222629386888926,0.006880338425503618,0.0007712875466774349,0.00010724870237255324,-0.014963793499649714,0.05156104165770681,-0.06908860912736703,-0.054483336091100676,-0.013126346863330918,-0.023496901233120315,0.008876377129291235,-0.01259114859949062,0.03165323666371367,-0.06882744575338118,0.11703823312653983,0.018898357371343266,-0.03900586439738285,0.11018463771598364,0.05266604922879625,0.028063469219504977,0.032865910638787854,0.2377306537474857,0.20046126765160488,0.007188522287046917
2024-11-01,0.06185621865256041,0.0027055823302875037,0.0010517976483752633,-0.013028210608983737,0.019885571183990924,0.002928769588611324,-0.01567048329088727,0.053771978631034,-0.004118841164213238,0.03642518875333156,-0.08263693560492225,-0.043379907957992625,-0.00387824040281326,-0.037994830176149685,0.08776646170950597,-0.0018102632067051871,0.03273832711197544,-0.07523010331915747,0.10215713255100156,0.02188247589429837,-0.06224511641182451,0.22922610498050378,0.09286477161939,0.07703164431392806,0.057805428843825224,0.3480496756912719,0.21947445591547865,0.009631852764105275
2024-11-04,-0.01086239567545566,-0.021785300536106056,-0.011967878034729207,-0.015617809519051562,0.004800645587734076,0.0031632147525411103,0.03183998372202912,0.0392271320855182,-0.035333337770737105,0.015115206236409051,-0.09987830070353176,-0.03181043790381566,-0.0036255450937883182,-0.0024389529352979444,0.04970245319545685,-0.042600152875249764,0.013049275716463526,-0.09132494715447836,0.08909714368947852,0.018655664227726687,-0.049827754184944006,0.20904099076500682,0.04773296346536937,0.07059553707613442,0.017759506135079484,0.3051477078339344,0.22062311489524178,0.04734503753654362
2024-11-05,0.0190009257528736,0.006262834249375793,0.0029542148388312928,-9.927879893967262e-05,0.028371843625664583,0.014918250368000319,0.0029507841501905663,0.04543309797073225,-0.02102854617322647,0.0003534635082391713,-0.10792626721176446,-0.009486679872780401,0.024235124016214638,0.014324732434183973,0.10342918491483055,-0.0186108102346334,0.041477408141993743,-0.10278262482250367,0.09544320238003401,0.0579013276957856,-0.05112865488556029,0.2256558012129597,0.04224628590945012,0.06936714402455668,0.04538848666572082,0.4146392321580876,0.25420004053941825,0.03663322678292347
2024-11-06,0.038045094425516846,0.05356580341676742,0.039884588107352625,-0.03682106397723983,0.04074057223457461,-0.002868034744647474,0.017148643612892478,0.07450838441698604,0.03064006221035509,0.011750504738529566,-0.08319250109086151,0.044997976592450195,0.025187374860845324,0.036935503364513345,0.13337343998674545,0.03327458464014876,0.0737923791496875,-0.15030855308697155,0.09571844689859188,0.04679467852181762,-0.008521831360969845,0.24903493682833844,0.0865736307452325,0.09081169668735489,-0.08026067308724327,0.38727706237864945,0.2367400754749578,0.034643810458408364
2024-11-07,0.01429333510169939,-0.018703325075342114,0.02402136654637932,0.02713864165896518,0.02245727108376583,0.0049136557498465905,0.0012396906464204882,0.126877735674215,0.020424889516584166,0.05633794858470109,-0.03891585409798437,0.12142228855332404,0.023184934081642128,0.037420832839942575,0.13436304546545652,0.009278374737790918,0.11670586040027109,-0.13296146234077144,0.12235208555214361,0.04291035658235942,-0.007699215640793011,0.25823649203241517,0.06592997097270592,0.10582185349878315,-0.10442747415560616,0.4214105700758024,0.23751306087411073,0.027558798462490763
2024-11-08,-0.008902691496347037,0.007128417500467554,-0.01327797750683457,0.042748844108479345,-0.008396276355505439,0.01168752953076857,-0.00033028604265616934,0.051785986860465316,0.024925882798572552,0.0412167677160451,0.015398203882476702,0.09032478596248028,0.032120594804316616,0.05358842706021405,0.11534958201625956,0.018640254814704216,0.10038274465661123,-0.08691209277876322,0.09509675980209265,0.06556962749901829,-0.016485343746736825,0.24808146802721143,0.076721085271098,0.10041681655327683,-0.05843423478031884,0.3542708626303799,0.23830837919430636,0.025924557425806016
2024-11-11,-0.006436720074140534,0.008523729868233909,0.011213950595112987,0.0010822687778315743,-0.016053572431175556,-0.007308823558969557,-0.005284320690585265,0.05649196867684991,0.056682213756348965,0.06564644782371265,0.032624469931709976,0.06769555010586648,0.021346269896922232,0.01568164101893199,0.09543474374900396,0.015536372589125547,0.10481498167284586,-0.10688156380515246,0.07759634486353417,0.05131064617004144,-0.025402409964683237,0.2150619839581478,0.08082602482241241,0.10008108628284451,-0.08198544944453146,0.2508388724161399,0.2395424301624196,0.030374120389786263
2024-11-12,0.010007771034946433,-0.0022894061112993525,0.00704170399859283,-0.016313439938587804,0.02085911232520865,0.0092627479896783,-0.0009961827195942297,0.04716793815593667,0.04770145846130136,0.06998943600719398,0.015879667975666756,0.05989554096680094,0.015654948200423346,0.01168457371443088,0.11394908361424538,0.013717982103316428,0.10099406907779973,-0.11904122195345557,0.07402026474607037,0.05853786845883757,-0.030061288114060947,0.22815988339809712,0.06344791490128787,0.1340087443065081,-0.11986492708072405,0.25595073255001255,0.24136694442469775,0.019915230410259888
2024-11-13,0.024843245179395845,0.0038816992117027826,-0.015086388644542814,-0.008609578310588728,-0.01362193344368412,0.006000736801406559,0.009306260518481935,0.033850064655887024,-0.0017060946969117419,0.013427039483385528,0.04563475669311834,0.004532486137050151,0.024688468355302806,0.003884319496332944,0.14071076412476557,0.011714389023802951,0.08110715468314211,-0.11114393692769708,0.11147404414670525,0.04715255496325366,0.009306260518481935,0.20558595933612978,0.06183651663205936,0.11046122289351468,-0.1285665430858367,0.19064378873771992,0.1716823167098025,0.023077603260369006
2024-11-14,-0.012237320417028852,-0.0008545052152721944,-0.018448025712237137,-0.03150987627873647,0.0033499788669557606,-0.01204690736853442,0.0006640216250153319,0.006807867912427046,0.016451888040091456,-0.028602972654411918,-0.014069869631866183,-0.014239834522916883,0.007394153222079591,0.0033071299290321488,0.1315747039338513,0.0043161969445069115,0.06309038781867171,-0.14206376732701875,0.08134387280649458,0.04001479788924933,0.007381605486299181,0.19439737175843375,0.05216980929998294,0.07887199227487551,-0.14736701290968657,0.17813887450224652,0.1500341236284075,0.028608503597863377
2024-11-15,-0.041942478231440816,0.005516327784750086,-0.017598850844267377,-0.04934204062125891,-0.03257019528304339,-0.0026044058370032763,-0.01036828678614099,-0.026755655016783342,0.014824874437101565,-0.03285673756472951,-0.10114278129252119,-0.03827129563387044,-0.006837130358532506,-0.006767395262196052,0.08041381074609966,0.009509482918836465,0.05867559618423246,-0.18501862891960352,0.036880206495088386,0.04153797349561805,-0.0004952639004459636,0.13685332298614727,0.047931034365512604,0.036292542114529036,-0.18916508075575045,0.09224721668791802,0.14283772407146067,0.01485183856576855
2024-11-18,-0.004491405455644082,0.004082702714804265,0.016290811887428536,-0.025462236603789323,-0.012889211526535771,-0.002017783911211213,0.008381464364045632,-0.024850123190158113,0.010356100237866928,-0.028001135849294534,-0.12497670685831752,-0.035178386683039076,-0.001543576588069917,0.006878014745838934,0.06725218839965508,0.01592087910587181,0.07269615239992766,-0.20650525869751424,0.015579539052714919,0.03406714415220646,0.01073750375614968,0.12757150851141508,0.053171620203296355,0.049961811638584486,-0.23323425303014633,0.1014692390171481,0.127985213476431,0.05863672058146063
2024-11-19,0.014427385751800914,-0.007073330726650506,0.016086580680835016,0.003478972089487442,0.048947700677948625,0.029971327974019912,-0.013964025400936553,-0.020583040430714017,0.005511541657648555,-0.01927100101315582,-0.10737067028611702,-0.008631650896393839,0.018943273586763842,-0.006192041112477509,0.08219174212800828,0.010125779154540382,0.08563395732707102,-0.19334039057833918,0.02296290434539694,0.07164957796943883,-0.003957491510767075,0.13602798243837166,0.04984321304036743,0.07540744792966758,-0.2321832636283685,0.14414462470642375,0.15098332133497294,0.05054711510735088
2024-11-20,-0.00845508881471324,-6.398238330018735e-05,-0.01201447392443955,0.03245041702022888,-0.0076185062905554934,0.006697656303555899,0.014246044201422503,-0.05240542223655209,0.0015594540893650866,-0.016212137968026674,-0.07040102108601076,-0.002597851212932434,0.019649159191981624,-0.0013281097852635426,0.06947816629731607,0.015993009361809918,0.0656410369835767,-0.16993037663452304,0.016017823260813913,0.06291163513746167,0.005042868263905209,0.15187645068083677,0.04409502226309092,0.0757844529797298,-0.2090950702462432,0.17910531544197794,0.1534799541433982,0.05734046047661101
2024-11-21,-0.022180598835253806,0.006889514491049464,-0.04744833959023298,-0.0046322005417555046,0.005346513126098795,0.013879048418787399,0.01338097373226721,-0.061944349864674564,0.009322183531679018,-0.04527851197128996,-0.04460265793422524,-0.0006131523519775639,0.046406886068850906,0.011363525293307086,0.07400789167920618,0.024858367319787966,0.02979484103541319,-0.1683786280224968,0.0509459148174618,0.061486621943775965,0.022132829501371853,0.12053780166038464,0.04120162440910824,0.013479343080471606,-0.21157703611741707,0.1338221836480986,0.16763536020995073,0.05684244491577295
2024-11-22,-0.006351495788949668,0.0095538910073929,-0.01712118228350845,-0.0025469623173481892,-0.032181263077810884,0.02319276543263138,-0.0011481531787814747,-0.02709641911369487,0.013375028836541736,-0.04481430196959746,0.002425711199225189,-0.00021137257566616885,0.07347171151586585,0.02078612837312499,0.05762415470011306,0.04106869991860784,0.012536792195867008,-0.15939419913366482,0.010967724120056532,0.08911356443618157,0.0267645197359061,0.12319085536858965,0.04858196564121764,-0.007109857922146912,-0.2117567308902637,0.12258525429736133,0.18953041139613402,0.03350538185629559
2024-11-25,0.021966324768223133,0.0018045309993195424,0.01754060767436405,0.009344726722152252,-0.041775126447095245,-0.010393558064348052,-0.014943674903985738,-0.0012394645700671836,0.01107577368392132,-0.04363965092761635,0.03822873113053871,-0.029468280277975878,0.06446237600818949,-0.0028259464701920756,0.07251235151154467,0.05158472810378445,0.014400569637761373,-0.15285048326752027,-0.03899954358622171,0.08471704268224811,0.012267255962825852,0.16364373053429038,0.0364717617499597,0.019385824414507757,-0.20768341920293432,0.06026212792934782,0.17562070737904012,0.02783666349854741
2024-11-26,0.03181932866326265,0.0023668493813706615,0.008768468920072436,0.045457015646149124,0.0066167841643387515,0.020223413975868798,-0.01667090961451978,0.015883876595988777,0.020688505118981126,-0.05052759930833828,0.08166044430976482,-0.06863467262986378,0.05438802984555835,-0.005563407144273724,0.10334944149786418,0.04377414502322985,0.014395452044570378,-0.11719967959051181,-0.025619118374088257,0.10344402901447558,0.00033116631924334783,0.2169789045458237,0.030069526530534407,0.039879873928962306,-0.166831198200734,0.09013394490283799,0.2001839526616802,0.02076358861498462
2024-11-27,-0.010199148999145757,0.009444978762811251,0.0006502831490364791,-0.0014315571987378872,-0.011539825542472015,0.0062424284656843465,-0.0026277284571419868,0.014097005823730857,0.030394813489182715,-0.0383565330473834,0.0461635422952813,-0.07231489118687506,0.05391123646067375,-0.022107614624438776,0.07813238756508256,0.06260171519235969,-0.0026521521115917546,-0.12625851179499037,-0.04184079392302631,0.12460226221178217,0.011483960384795378,0.19532890616855103,0.031406775857615754,0.0474381937259607,-0.1602899702463998,0.1510465729778685,0.20230300087439557,0.004205832803333864
2024-11-29,0.010450052683389277,-0.00012419798017193617,-0.0016544872980193137,0.009084014807963392,0.021501614290346582,0.006747929624962179,0.002549693612998505,0.04793827136184259,0.023217369638946606,0.007874407187875354,0.06057972538353962,-0.0574077456546932,0.04649855125224667,-0.032559583456548524,0.07865928500066466,0.06167574750661209,-0.031583159647800674,-0.059235949598295146,-0.00782249139640978,0.13650314912411754,0.01919014114991513,0.16464985652464104,0.01491842197347637,0.03546454378039088,-0.1701555859219419,0.1582628157067243,0.19772089269668913,0.008388143817465776
2024-12-02,0.01356490130596999,-0.011780055837906978,0.015033968020127908,0.005595078161981348,0.002748443952534485,0.0015136562103514883,-0.000932568938950884,0.068942836512351,0.0015946854320814108,0.04084729506189477,0.06923705833997751,-0.023388491803440825,0.024325645852585787,-0.032350778810048,0.13041852796885367,0.058569086219464994,0.0022206410826404177,-0.034487189055337764,0.04421503234982649,0.13044557603911078,0.017454925767843577,0.19551776858931746,0.001048591770820284,0.09124021833316132,-0.1624678994094596,0.28372085199519703,0.2004664919205006,0.02899775289077766
2024-12-03,0.012956175029913197,-0.014958172190546848,-0.0008745112196424376,0.01691686880092358,0.011758101746455196,0.009391131648262663,-0.0015272546561949651,0.05951851911045014,-0.015164506514972143,0.0220103793216202,0.07725851494175817,0.03117194402712342,0.0448044586503511,-0.019171442488679302,0.07836108896861904,0.03992123503380607,0.0002920830268402508,-0.005193182776941252,0.03589368140475302,0.1377295914374248,0.032074113139912486,0.2314082973901248,-0.01751050996627812,0.09662754079250302,-0.13910118037644492,0.32070425497984156,0.21064221126109506,0.04012731153928395
2024-12-04,0.02211394849472459,-0.003977105228689992,0.01768395633648523,0.020299174394947883,0.03479253705418417,0.010052329499395052,-0.02880941529754233,0.04955259800593326,-0.02139750561395648,0.031042898633053317,0.05133540351793808,0.060035009236163894,0.03438831424045552,-0.03127908085291675,0.11431200849092615,0.05885278499718383,0.030311851118744126,0.031104162702542126,0.06681365642656467,0.14554282620424908,-0.02858904751781166,0.2263758750386744,0.007313072783030172,0.11041307097049091,-0.08932963435395169,0.3539074339904045,0.2272609358802571,0.01810598584754808
2024-12-05,0.010955259211262725,0.004804407167773084,-0.009921314230663114,-0.005085354807161102,-0.00048232432787742585,0.008999545333290504,0.00437508075437254,0.07198404375995726,-0.025896289632722058,0.0201502115583585,0.04748852971502848,0.07189318896361141,0.03722255118790341,-0.02447744021226006,0.10551379975818453,0.057318136668228714,0.017085115547514018,0.025962488515675952,0.03688088394891853,0.13886235702313798,-0.02720954082341509,0.2868312260760677,0.024269717405853264,0.1454353099901995,-0.08388370430672631,0.4108958390954389,0.24347600186188312,0.027371796522988268
2024-12-06,0.029381072944344444,-0.00014877132653823288,0.011990388274626618,0.0013202652457493524,-0.01806148214891312,0.004197248903886397,-0.010541767939610702,0.09206791786926849,-0.02592022959388851,0.034093102596601144,0.03942930125173061,0.030378410118142574,0.03459466044491899,-0.037215976931711636,0.09628665215132792,0.0034122544771644225,-0.010197503874329827,0.06659001013330923,-0.021703097260013293,0.1469318863024902,-0.053692364487485156,0.29435579634787734,0.023694034062614167,0.1748370082059627,-0.08828963431001757,0.33804834078705603,0.23739337107437297,-0.004406363957764281
2024-12-09,-0.004140432746599476,-0.014091402513947915,0.004927855697163919,-0.02797851104431215,-0.02548454541528611,-0.019540115763884702,-0.005899437047414358,0.07299126350894491,-0.028198503831144417,0.02379722937806439,0.004726096028217164,0.0013674823294833605,0.012845461188673912,-0.04200246191845303,0.0763627376962257,0.008128116390339502,-0.028652982749828415,0.00935586269109212,-0.06757428612939043,0.11902221453220685,-0.06043981078899274,0.2592035226683733,0.010786153457289949,0.18102377035599004,-0.10689514030648894,0.2842872428171255,0.190585145368102,0.027140599769849505
2024-12-10,-0.004644181824783544,-0.002974981993530079,0.05588192051193697,-0.0049776634741695025,-0.02694326589892848,0.007673359900989052,-0.002037199264245282,0.05434778257140915,-0.016376384370254238,0.08195516670294256,-0.01690596516775522,-0.03693642748341497,0.011121810897886109,-0.04249173484187374,0.0809876126598259,-0.0019853119709629663,0.0394292725586316,-0.03684225155904075,-0.08501440817896933,0.11458216277956024,-0.06204408836892894,0.21959672705101574,0.020723866705740335,0.22639723698940029,-0.13029338695360182,0.15551157029827745,0.19926452742166134,0.03532472403629727
2024-12-11,0.02319588240507109,-0.002378377065804349,0.05524644487301411,-0.00443988214535096,0.03139106037169204,0.004336363725038428,-0.006656753478212929,0.05546383682440381,-0.01479755843739472,0.12188989132277328,-0.040742913704509665,-0.040102123184118876,0.005399792843967743,-0.02065116397826794,0.11322760870043136,-0.012773816523111603,0.08469038022955089,-0.04215520396625594,-0.04089497829179012,0.1276572442721915,-0.0633382083604479,0.2313368690205131,0.023332711524783667,0.26461899130517597,-0.14723934774177128,0.16937714541708515,0.19206630172671613,0.014471295590143374
2024-12-12,-0.0056023335225716675,-0.005981945161357749,-0.017604806475788437,-0.01718517898450722,-0.014141165568019254,-0.009161775522176452,-0.0008935102648393034,0.03817727523209036,-0.0253734880157368,0.11318348000035905,-0.05240908239659792,-0.053219542740867376,-0.01269673486044054,-0.02578847630412151,0.09602219715164417,-0.016427552642641285,0.05814348280550363,-0.04300404214554476,-0.07377800973392301,0.10707137854813653,-0.06324194309723341,0.22778698308900092,0.024619691007551125,0.2205003229515481,-0.15163233947940324,0.1532279884130756,0.16736981621123492,0.014294403472766337
2024-12-13,-0.006594726378065796,-0.0015917209483811146,-0.011148184237555814,0.008653405199251285,-0.022498809426563127,0.003919855353556656,-0.00876401646188718,0.00189405777598739,-0.026780034226388194,0.08773118621398579,-0.04546942776397378,-0.05749799263621913,-0.012969461715914399,-0.02403811846207371,0.06240074838621035,-0.02179024155956888,0.0623744988856596,-0.026339966037897344,-0.08211351314684079,0.10478143559999231,-0.08001334164491458,0.23024505092081338,0.013546405626020608,0.2023127740578905,-0.1441335421971156,0.14967674301265577,0.17252761091143154,-0.00851048115392905
2024-12-16,0.024048121869595374,-0.005896444038965165,0.036034107321157416,-0.012824417167370816,-0.016759924532643855,0.006578308262953136,-0.021382130402269217,0.03025342318847346,-0.018690544767755335,0.12140050862933882,-0.030588022296676898,-0.04905998105139264,0.013323997650275698,-0.03923830957050545,0.10142801863811912,-0.02672653340549147,0.12134277595684972,-0.007554761824285827,-0.10051049223808406,0.12560913745869784,-0.10028204851840916,0.2464147398853369,-0.0032407385751201945,0.23578581303519575,-0.13892364424008763,0.14204582146277023,0.20967178156410493,-0.04220254918907129
2024-12-17,-0.00764177579215608,0.0010105260165698127,-0.0063053243670843084,-0.00048781071201908777,-0.01219680993700567,0.005797315268295966,-0.004240800366081654,0.027150732281540968,-0.014767858151490842,0.05535447953947603,-0.02621373150341688,-0.03464869893348976,0.011437432893658617,-0.04135976692149257,0.14086172054764146,-0.03108785224788746,0.13423355315224472,0.04344691271052992,-0.0815678813458004,0.1350908858259947,-0.09471127965967552,0.239875572480847,-0.0020587000193625915,0.2242284943394317,-0.13819293023513735,0.1502072104259795,0.21006458868462885,-0.04959391267184465
2024-12-18,-0.045987410359975445,-0.019905208381959527,-0.035922507088895106,-0.017864851929215053,-0.01135050407143623,-0.019597487330814123,-0.014720917819353696,-0.04229996728366048,-0.03207702343065222,-0.0358238061732028,-0.039345084393164864,-0.07465352971990602,-0.012665640285336677,-0.049142205077330026,0.09330692914709426,-0.05423552563974132,0.07596076586373113,0.051581505212858314,-0.08013623014263449,0.1150959792981816,-0.1154517699827623,0.16142629137561348,-0.02853972147888273,0.16329048745858965,-0.16290368638159813,0.09373793168469091,0.20140012117712836,-0.07504775542034559
2024-12-19,0.012561168873593154,0.006157773399651623,0.0005838001836264706,-0.009376246551610623,0.013730304699117735,-0.0016034629111787435,-0.00855097827801432,-0.024806777762539256,-0.020255998181574753,-0.017972516126703475,-0.03171222297624743,-0.04849282016145118,-0.005134055857176856,-0.056429879839235086,0.09129559953110222,-0.04163287468226862,0.05954446444420336,0.038110061819981,-0.11101975904375083,0.08091160794046348,-0.11059586069047955,0.16539658754236175,-0.013111948458664924,0.1536528048272523,-0.17655697402260584,0.1266290774391865,0.18399875229961427,-0.07714932926186269
2024-12-20,0.00729994595290151,0.008590412383940205,0.015383734643730662,0.013491061763330592,0.030762238773439643,-0.012419763293591957,0.0034119795285787458,-0.011166835795081487,-0.01026420998493316,0.008376298858512987,-0.02706816616119956,0.0033518939491270494,-0.02132631467708468,-0.04483939463631459,0.10863561098031105,-0.03333825653838629,0.08892710159618966,0.01904677593879578,-0.07663809814887268,0.06038484836470204,-0.12009637786840088,0.1600989916670077,-0.003912257102104522,0.18399344440373433,-0.16274931988147612,0.15868966336276435,0.1508074839296265,-0.09049124738871273
2024-12-23,0.0006224408269079884,0.0025374974967102837,0.01682254412318951,0.037147056195204975,0.03689689757521042,-0.020489998416352684,0.004061690324336231,-0.03378695472738824,-0.0018673244304067138,-0.010322395379405713,0.022182279315550613,0.05810624685690202,-0.04764422679164493,-0.02000545693397171,0.13448932361677124,-0.037516399497248054,0.16239955461671807,0.06181992662951652,-0.04766060371416336,0.02443932155501316,-0.1281881729966522,0.16034228587445742,-0.00046196642072771077,0.20064733304440674,-0.13719945824717328,0.15561858056945166,0.12247655997661999,-0.08437858336050941
2024-12-24,0.017728630305015702,0.009486073513140347,0.007604256676191357,-0.0007661631127794388,0.003937854184755452,0.025788545855086165,0.0009405984869885753,-0.009084970366328493,0.006583856331232152,0.0035309553386275727,0.021897613561084217,0.07538923305285139,-0.02871520046212994,-0.014906088930819794,0.1619825929662182,-0.03758105501155651,0.1916410426988715,0.0637156430284862,-0.01211917739542967,0.027038264417711178,-0.1263650814023517,0.18968474785233314,0.01392700175646766,0.21577046455525206,-0.13798169759046264,0.13537093185542082,0.14109739029429402,-0.06531068476388935
2024-12-26,-0.00873171784917226,0.0009156737164848217,-0.0026005382111213837,-0.0019226921877980585,-0.0020681551781494,0.001187061224557917,0.0008459917552532392,0.029611820482412066,0.027967465318961215,0.038216577093682425,0.038485203392040424,0.08548597421176463,-0.008123947567308387,0.0006578950341804557,0.1270787117961234,-0.038434967188952784,0.168053761854144,0.05184127599236832,0.02881667860553283,0.039056920149272756,-0.11236141095722907,0.18774847615658596,0.01078866082941321,0.20336875484689276,-0.1252195754980182,0.12818165456282338,0.1636085217666876,-0.048182251594589665
2024-12-27,-0.014534256804240364,-0.005598102469744792,-0.014519604145878828,-0.013813879607821655,-0.020867637223834,-0.012178140251166591,-9.401999697689067e-05,0.0020601313435382185,0.01595676656022116,0.022545121346984054,0.03383316849895768,0.048439058952479686,-0.018629562146381673,0.0091934040583328,0.07644568143456998,-0.04607570190876431,0.141088484697792,-0.0077915670228128064,0.0007261166649739081,0.006057227452561653,-0.09739766478648848,0.19034951612989648,-0.0020984795779318555,0.17707170068758238,-0.1063159017519354,0.12866091326370643,0.15145496387726132,-0.07308791868336662
2024-12-30,-0.010949707031249978,-0.00952882962138979,-0.007885350322523577,-0.011912977658282475,0.0035032852629626188,-0.011891767577889345,-0.006761795142254945,-0.016094589839309892,-0.002294811378881434,-0.0008880778452408089,0.007919236389656303,0.020712634281973452,-0.018104886411241417,-0.0010389895164428786,0.07562942132375294,-0.06400592814774131,0.13135490121910975,-0.018206229978078636,0.015955899561533426,-0.012073630954489656,-0.10113891401746933,0.18767778069583452,-0.017598761421050546,0.15441155582213817,-0.12508561901246773,0.1322419298811588,0.124094978620779,-0.09035104798944715
2024-12-31,-0.008630834323407832,0.0024769884733644165,-0.010144420684851774,-0.0023777388406852618,-0.023274255761140172,-0.002429090411086632,0.017114239675909193,-0.025193273928962645,-0.0023550287440184947,-0.02738534248572433,-0.030491711212295103,-0.03851934584387706,0.0,0.011947252280534615,0.05531771626226978,-0.06157093062567476,0.12173385557307803,-0.029358005410683008,-0.02857688306006967,-0.02107908288151683,-0.08808070475926155,0.18505911307312162,-0.00902910922311917,0.13489989545101633,-0.1257251679309599,0.14785694678128425,0.11418958636029175,-0.09568986227924425
2025-01-02,0.003783225458606987,-0.004809373194608391,0.0006867833202268692,0.007862634233420263,0.02993516555623721,-0.0038739264686612485,-0.002417070846965963,-0.03855054229822208,-0.016482792260567702,-0.03406260286289797,-0.022119606264898062,-0.013621478072917803,-0.028916751355437476,0.008552660971422155,0.04513309384375841,-0.05495146168609477,0.10587850164691259,-0.02716926642834072,-0.0022394601511420698,-0.026345129274880308,-0.08943571433284248,0.1919247010615992,-0.012197006942519906,0.14341662754221796,-0.12536774400453643,0.1638159454580903,0.12146457981685965,-0.10967918202776628
2025-01-03,0.018027432561515733,0.005453317272874569,0.012458492327726445,0.00502516667160946,0.044537685755323686,0.008666845212149887,0.005125385643960145,-0.012596346936404101,-0.01202402451670137,-0.019478595833243184,-0.015312343036014142,0.032444794620619,-0.021661870409466877,0.01286500685615799,0.050365441702761915,-0.0353686909471983,0.12063608930831471,-0.03854543065651128,0.03008662192346989,-0.02704377323380791,-0.08336879193464986,0.23208394245635477,0.001324633775243944,0.15766187482384741,-0.11549314194893456,0.17606803558590278,0.13118413974104115,-0.11285448981810675
2025-01-06,0.015254909370185477,-0.0047402634889701645,0.026487238584486983,-0.021586153238372763,0.03433227133768657,0.007160100720993379,-0.001112646068705092,0.017251399375872944,-0.011171728975086448,0.021321898203551015,-0.02307280706232473,0.09065026348724725,-0.002509289085659727,0.011833179140594563,0.04331681696741496,-0.03610779680058074,0.1303299394766826,-0.0780150692214806,0.029628449352527397,-0.029829779381205235,-0.0572279670156004,0.2203635585974415,-0.02285862183840981,0.1797894187588449,-0.13615670250632395,0.1962879260327306,0.13210491064268615,-0.1298141293881765
2025-01-07,-0.02416414035082548,0.003345095929143893,-0.007009664168697305,0.010704396721683773,-0.06216958077745127,-0.006781204922604811,0.009374464531815008,0.0036601787050327683,0.0016808425324432719,0.02222336402219116,-0.0007108818826219165,0.019274185598104454,0.0026498003834121153,0.028271534859896308,0.0070732148583450005,-0.037507689869243355,0.13365404420252247,-0.06338274569435998,-0.03391715444109822,-0.04500323909989623,-0.052535218959775754,0.2284844959143495,-0.0012789119564843299,0.2008470457778928,-0.13783316715876992,0.09731951569627095,0.15058391709693075,-0.12543979950725181
2025-01-08,9.006470850470016e-05,-0.002384564730690708,-0.007877641357597498,0.018014079665836125,-0.00021391525252778543,0.010901848365842515,-0.016735615516554003,0.012489199602474521,-0.003176849729271569,0.024564265905074878,0.01971500788101599,0.04333908808498155,0.01604861040797423,-0.00594963833361839,-0.02158302393001299,-0.039659944021486426,0.1113974374166542,-0.04776764714026027,-0.01635777786088588,-0.038627130445655466,-0.058466194364432233,0.21568522000230828,-0.0043190645830786245,0.18124029440133138,-0.13701809167163004,0.05440343979858553,0.15422637760078062,-0.1166121573032547
2025-01-10,-0.014360970473526025,-0.020316910300513413,-0.009847999725581591,0.016107419476422358,-0.029976440320453435,0.013072073809176743,-0.003647193974854468,-0.0058123638734071115,-0.018709825597895247,0.013778111398281556,0.028056751054618134,-0.017352227574033097,0.03333353095345437,-0.0071754054397275,-0.03162454780086221,-0.04572399956526574,0.09505611723194729,-0.0045792507675913585,-0.0208917413453511,-0.006649815742228116,-0.056333047004546,0.1823729794588531,-0.029041435428010187,0.18781712363823022,-0.12885710211821866,0.02464652950751467,0.15927925676993282,-0.12019446929051791
2025-01-13,-0.0021923619356289947,0.0028238376850378,-0.005363431107996197,-0.0030254828901784547,-0.019718935620644085,-0.015806585538217788,0.0258118398317011,-0.025558658571479542,-0.021276113300176425,-0.004067040792217758,0.01982160938171762,-0.07780157920566388,0.008261608810020249,0.013257886550679832,-0.029239187560316626,-0.040173813411291115,0.03153850636982325,-0.0026262885191876695,-0.013622482328042529,-0.029796014755259725,-0.02999918180621619,0.1704260051303541,-0.02422348315364997,0.1798428343746401,-0.1228619905310786,-0.011651939866872851,0.1522772191250621,-0.10518066079335342
2025-01-14,-0.003204303696411115,0.013786567247188852,-0.007067576512645113,-0.06592023499924726,-0.011033622951567179,-0.008084758590193308,0.003934588267705097,-0.043275805443970694,-0.003057098583587159,-0.03662306783200853,-0.026388749109714227,-0.11824927404299723,-0.006999923456970758,0.018377733124479434,-0.054286460080797516,-0.02462128678228237,-0.029375522631047146,-0.06421863900544222,-0.054195602875872884,-0.041795005140068064,-0.019656724457979502,0.15326758849725586,-0.02212032086394833,0.16317907962976408,-0.19946819867318866,-0.022484610878508504,0.13596933246640663,-0.10507567631713932
2025-01-15,0.025670516796895804,0.018843212695442757,0.031055597400625023,0.0024566650415902558,0.034001317162089206,0.006057840740020248,0.016314268129740794,0.005582844040144863,0.012342127025001703,0.00030699441489723256,-0.03433378663414732,-0.027829132686925884,0.005836294895837035,0.025379437352912593,-0.024544678723089186,-0.0002616381743670848,0.018701849278389027,-0.0455167725478397,-0.008009100037620454,-0.027076646520048264,-0.0027721080437514978,0.1909460067152018,-0.003195793698841487,0.18679753459704607,-0.1953000173999062,-0.013186114844616958,0.14014647860133445,-0.09392082849456662
2025-01-16,-0.012043887924316987,0.00937817648772099,-0.013500473088811304,0.014543162990672265,-0.019597900489832676,-0.00043778348300738124,-0.0017040190018534629,-0.006617751714716125,0.024278508564123724,-0.005362223560240076,-0.03762622337894572,-0.04667771042532709,-0.005446514906883082,0.041054865264253726,-0.029895378752502477,0.010722873394969579,0.016278552921327405,-0.039943326806528456,-0.00506519030676067,-0.031299741189922514,0.0043305662953656565,0.17566200006308708,0.00028098228769457556,0.16723725180474025,-0.16912507296996326,0.015039462974586026,0.12066482417254587,-0.06743056618367638
2025-01-17,0.023928209424767255,0.011106101155013981,0.01601788567882223,-0.04208029788859036,0.03099507975064153,0.007009805698573457,0.008983189167893757,0.031972229478134606,0.05713190334726104,0.020620844430484064,-0.09273686644695966,0.013244039446631328,-0.011397966963299089,0.05425191930113238,-0.030008974602529936,0.028009665329712607,-0.003355990595992675,-0.06839551302852198,0.043257815726029714,-0.030884481220449622,0.035493719500587106,0.20894645609336293,0.0048530347522530715,0.1880880880136766,-0.20678095422039566,0.014732505381834793,0.13449523672662833,-0.061470622277855935
2025-01-21,0.021111818274402117,0.0013249174078731052,0.010459219087834315,0.022915256612020984,0.022656267058981383,0.012399567815474688,-0.007567682066571879,0.056074336828363824,0.05555180883213384,0.03685685174116071,-0.0691303687847371,0.057044152593423325,0.01693453368125608,0.01994696817833974,-0.001903470448778033,0.028332536449002577,0.013458310833262432,-0.046582469864433484,0.08006752169169462,-0.024523015241922907,0.03203408276547526,0.23025653610433094,0.0058387918537425865,0.21694592602535212,-0.1892234614547471,0.028552712812055292,0.15324816501750016,-0.0661739053878736
2025-01-22,0.018638063663626525,-0.017201266475890264,0.0016156751918545709,0.01566658516034103,0.04430899032039748,0.0016113932046162294,-0.017403858517385573,0.07921565225543992,0.0232873608753974,0.04592422512149863,0.012176063534692139,0.11619640195801884,0.026875253606017724,-0.0017318188247479327,0.06570828021784392,0.031169559421126092,0.05291922874259458,-0.014031491524417294,0.1408737148005459,-0.0034206878126816775,0.029223826978577616,0.24350488214222765,-0.009229729216891913,0.2152572347931201,-0.17728382438095913,0.06579831850044404,0.14913977399009304,-0.0798264823810817
2025-01-23,0.0017446222360446573,-0.001476674076434259,-0.001965990626364378,0.01673782841199345,0.0010196959593573585,0.006221122187491268,0.005660570682482824,0.05404070622606394,0.0028788396731302957,0.012426439981217507,0.02659569106278159,0.08059299768163863,0.0270419136835911,-0.012196344913746993,0.05432399680924638,0.023345329416184057,0.05023607139723474,0.011959865388291524,0.12656892451945567,0.0043896554187974335,0.04397684451952166,0.24514724202260818,-0.009328716510860424,0.20806286999828538,-0.15258333429386617,0.02449480558864603,0.1634432629997018,-0.07515727257969029
2025-01-24,-0.002421170970448472,0.007307082981228286,0.011263784146150035,0.024536766074110927,-0.031245872234980654,0.010126872982266777,-0.013526978853916183,0.06430708876056679,0.0008210818366436445,0.03784154470982659,0.03670801574043003,0.0677546768423738,0.03789701085934616,-0.023895042672830935,0.04414906640320848,0.022043225872225625,0.04597470647942048,0.02298888169555746,0.05879731987339776,0.027320053778616904,0.026353096066854542,0.23800743216454645,0.003770701459195891,0.21375470367071947,-0.1346743964631314,-0.006687018369261333,0.15788769980208062,-0.09235402017281225
2025-01-27,0.0024270472668348475,0.02484943479988222,-0.0419559404014308,0.028978555564083353,-0.16968160945545874,0.02785995703131028,0.013896604306420146,0.04195802259494763,0.014424617638461923,-0.021377536036640277,0.11361141672627117,-0.14007703607412403,0.05938668218305332,-0.019141733672631056,0.04603217241062296,0.04478927221336759,-0.014488949104612736,0.014931889896905748,-0.15214435629422274,0.07802997889462393,0.036406357248249144,0.27453840946274544,0.030589929232025748,0.1796893134171207,-0.1037825170710347,-0.1514175760928701,0.17228066824851607,-0.07645053286197201
2025-01-28,0.011596277923593856,-0.009964210795649242,0.01819500051667866,-0.003934702219943409,0.08925862094077885,-0.0011294567333755001,-0.01933374953068656,0.032248220563074526,0.0029878009147001894,-0.013885487530801877,0.08438082259774227,-0.08407298525147155,0.045229753549721696,-0.030770581631123783,0.03972927624310163,0.024658783125388384,-0.004130422904621955,0.011713572756781643,-0.08008840849041976,0.04974109432910634,0.015413639791944433,0.27776578848263545,0.026650965550008676,0.201596711507686,-0.09536058688857019,-0.08126991816497509,0.17419976835583983,-0.08915636025238871
2025-01-29,-0.004534900692607424,-0.0015107165419792068,0.0005632529269372633,-0.0011305247980423205,-0.0410109434462389,0.0021584569369719198,0.00583108462996873,0.008765639187838348,0.01900067276377615,-0.014921622342172425,0.06644731549997651,-0.15890412522800457,0.04580064091584535,-0.007851714477254967,0.044131266847756034,0.022174835521297398,-0.0009714846222353968,0.01251656316026839,-0.11598657380041055,0.050759599299525116,0.02047129236018641,0.26215197259835743,0.033589567789204855,0.18372331413214038,-0.09778007712314507,-0.12598185043432641,0.1842930183500915,-0.08307850247043502
2025-01-30,-0.010250170242948609,0.006584827757715628,0.027941182930931507,0.02381600222462854,0.007679894296106049,0.011794866995453734,0.008281944773216088,-0.0033132222638839748,0.02722749689418613,0.014597321633135207,0.07387154940786278,-0.153307966262487,0.05159362792827871,-0.0052655617676288236,0.04867038833362436,0.034698026328103815,0.042073041939200584,0.05115113511101521,-0.09021232497777998,0.0762600144197858,0.029019527659045474,0.2455013543704132,0.03022970220583332,0.20621514510470962,-0.0792736768479303,-0.11287659542387252,0.19478620560215143,-0.07089698559120627
2025-01-31,0.012955989149507907,-0.007790817462114741,0.015681831797054846,-0.014758895617929424,-0.03674293172733545,-0.00496696736243718,-0.025006749030444198,0.012050187348167318,0.011831021735019709,0.019029932969296448,0.032683673576000105,-0.15811240151366457,0.035880169795444505,-0.01684147159263183,0.07401712335355226,0.036513644798098044,0.06682696041955749,0.0481235779970417,-0.12670001039123446,0.0838025946100831,0.010117300841386623,0.24550642139700707,0.030904972199749414,0.20375886914831565,-0.10088401128232827,-0.14988830999568803,0.20413094263630516,-0.08161794520589483
2025-02-03,-0.0010938846972727845,-0.008662871444404696,-0.013675129933420127,-0.0008014001796170511,-0.02840002898429128,0.014058688566846778,0.00243373851620432,0.008495454997687668,-0.021255585835266766,0.049111005031483135,0.0027964869771732737,-0.014862279816107549,0.02197121242964517,-0.02795682025222146,0.08218240954217171,0.02499555816002874,0.0630217024662898,0.04977971357249866,-0.1312830140940835,0.10171560456644357,-0.00446221012010084,0.23187881197581817,0.021210642864708307,0.15476680688476452,-0.041398804434790715,-0.16270957386182505,0.22571006576105135,-0.07472810832656018
2025-02-04,0.019543422733693472,0.006198758041399577,0.025592666175063616,0.019298439681993518,0.017058061271298497,0.012356732620047994,0.026799845739912564,0.01641823960662747,-0.0052769559331160565,0.05673329000618521,0.026186633318612262,-0.08016127619895108,0.03576929405041329,0.01777111891012817,0.09917353653995642,0.03633337155641336,0.08947902601155544,0.06169113499095924,-0.1421444348861065,0.11966671624354053,0.024694809026869935,0.2986051796386844,0.03674704229843684,0.2075069310388653,-0.0027741815062213293,-0.10622039964999863,0.23237666876456697,-0.05066317603216375
2025-02-05,-0.024332807771026643,0.013347923768003422,-0.07292374002438373,0.019501973903955916,0.052085925674161926,0.01677086378101955,-0.0007275493789513643,-0.003796385571636529,0.009525638511015844,-0.02087914639595545,0.04738339115894319,0.009134951632176591,0.050871778309734994,0.011134628573148397,0.05343679734634965,0.04447044169747061,-0.002398470247874984,0.07698418277846542,-0.1359452333546578,0.12866255059901044,0.01872791950123487,0.19319965092810887,0.04775068704033636,0.11827481070600765,0.03009397159133198,-0.07800152806233374,0.24938552766544642,-0.036251460057064255
2025-02-06,0.011263088803542765,0.00736704484292372,0.001411231201877916,0.03347264670945416,0.03084195149066793,0.003806403972414385,-0.01319625116598433,0.017857153308495466,0.010310140900305687,-0.04614910290159946,0.05726232353131855,0.03233045409187696,0.04257478984218954,-0.010404334596810338,0.04929485167881875,0.057176396954448316,-0.026768830038672586,0.1375898833854603,-0.1388609574256402,0.12490426835224855,0.006404301795616574,0.21988968903962536,0.07897531484081344,0.13341755810901956,0.081464042598961,-0.05410619682901996,0.2501865850517644,-0.07831573969593397
2025-02-07,-0.04053095448794508,-0.009387726781921346,-0.032672358574513005,0.009122617434825564,0.009014508191179216,-0.01652898713629336,0.004242439073111504,-0.03588858567045072,0.00868409902497036,-0.09155966989262398,0.08288957747687431,0.08136907554094486,0.03046034746641557,0.019282916812425333,0.03169597616850717,0.04376043499743254,-0.05192087150342972,0.1358095249341511,-0.07349796965670963,0.11386408075864596,0.0012873777203086245,0.14862152329064848,0.06219384538628869,0.09315671345178544,0.09143818200093712,-0.07191102467108479,0.21144955923658237,-0.07712874425107841
2025-02-10,0.017412199866636335,-0.005436343147882328,0.0060969129183174875,-0.010736553913146207,0.02872776117199205,0.017498892042129288,0.019101868534302735,-0.018027119923787027,0.011967086914769443,-0.07334891430869828,0.07212227412936856,0.14495103053464087,0.033956193721137895,0.036231209282912236,0.04956554389239032,0.04056749565865436,-0.038566688802449955,0.1037321262820432,-0.04667771042532709,0.12113304559641969,0.03778175399961148,0.12579073597188306,0.0027085083126070497,0.05763813342162449,0.12099616876536823,-0.08262354785633375,0.23619403172225395,-0.07535655967677735
2025-02-11,-0.0016299428832775575,0.005189552404756048,-0.006167082913387301,-0.004465598128974957,-0.0057646316166702904,-0.004372368327231979,0.006307899039519338,-0.03842023938509964,0.010952095711441068,-0.10204471815434779,0.04712669553480042,0.11925843073459341,0.016870163685994033,0.015551039921757104,0.06312227967170259,0.06765910956869403,-0.03499253449279849,0.08138498066495514,-0.022882765778972636,0.10182786381642517,0.04815078575945719,0.10811707272140447,0.02712272691699047,0.02645865183990459,0.08650400745226472,-0.10794500597910439,0.2247708338416876,-0.07067607638326712
2025-02-12,-0.01645472556041927,-0.0018619461977296137,-0.009227377531196734,0.009213917511985414,-0.012500099134159393,0.011125214793975102,-0.03008664379136572,-0.030655906970812108,-0.004221814015615943,-0.040349162346870915,0.03655987097834834,0.05054878353726422,0.011223963333417908,-0.014286327097776108,0.04792632811564168,0.06267037709155687,-0.038741378303017604,0.09466064974184785,-0.01568722788858845,0.1319786528714182,-0.008964990504045867,0.0996733630993829,0.01795387941233395,0.030672374950726056,0.05156190960907825,-0.11163683923565981,0.2240900834430113,-0.09833850803392119
2025-02-13,0.006290143220533118,0.018569900248090798,0.013779201164832333,-0.001271553273247794,0.031645416393918824,0.013898281530360324,0.007265898060722531,-0.035422713432174624,0.006852162535743389,-0.028496955815521252,0.001711881952238814,0.051367608455579195,0.021390414136318148,0.006153218550041695,0.057907792654521284,0.06768435779325954,-0.01855959724414724,0.17042331005713618,0.02679098421664472,0.15706580861096975,-0.005676484787698777,0.11375942368930736,0.028093985994405823,0.03328698770946059,0.04908939592253092,-0.06857146159856287,0.2502406201400851,-0.08696234376991663
2025-02-14,-0.007336035409240549,-0.0018730752248249383,-0.0048888499813015684,-0.02997598303739213,0.026313990247600838,-0.009614487820753137,0.0010172195489552838,-0.002051063640505446,0.014490007710410868,-0.0005935216319860048,-0.037099588511362525,0.06939323140701248,0.028571513759051648,0.002921862376969342,0.023863829982593954,0.04597497573289844,-0.0527743699530987,0.13255640903060062,0.019157262830112654,0.13904108400303938,-0.020642539672680815,0.09463399869375233,0.028522995451847555,0.021045502441629393,0.03451846482696386,-0.06359444869926134,0.2268561377016174,-0.08512219856073289
2025-02-18,-0.008877028355405714,0.006734942369507779,-0.007881990527641713,0.015314949887869744,0.003961109823097164,-0.0024990157273282465,0.017553722643210756,-0.027837374582459717,0.02690514821279355,-0.01447946689728763,-0.011742335264896653,0.04364755765660089,0.008355984850551001,0.0013982959816309926,0.027145790514656598,0.043235906465247886,-0.04737956687541767,0.13341797138567113,0.04364755765660089,0.1366922275025062,-0.001750133704771062,0.05861740978606478,0.03144627436182512,0.028514196355745813,0.05948377177576614,-0.04690220879447726,0.2164903664080704,-0.07764635073209714
2025-02-19,-8.819331220011328e-05,0.0019675690216689468,0.008162325260457681,0.011490900531184955,-0.0012194606517265116,0.0021198206471828573,0.00145275411204282,-0.026336096273809617,0.023613558765178677,-0.0002699093954774412,0.004097531316912706,0.04841861763650135,0.01493117159595414,-0.003433161529295181,0.0030539188897511504,0.03380698022001871,-0.054744956278163226,0.19680382607036706,0.011037677093356235,0.1311725116377105,-0.00920046178590328,0.07163802468954095,0.03435958175585241,0.056397715988300456,0.10652464920754823,-0.0512427906492966,0.23393419879563893,-0.07691934319311844
2025-02-20,-0.016546793977871843,-0.004072185677990614,-0.0038322092070489644,0.007000657166277069,0.006320499641016442,-0.06528842009963032,0.01541240965242241,-0.02642723970876526,0.021346907281954763,0.005174036062045362,0.0018954914810311863,0.06840025625100687,-0.061770090378088116,0.04331621825152321,-0.03393871788476721,0.02823480005538581,-0.0681141694265398,0.1781838540013927,-0.005112496602146077,0.044370305070563276,0.013741822389917502,0.10004444110063004,0.024496021611750907,0.07120129067353487,0.1721051067103736,-0.013102734382727577,0.15638427841388847,-0.05287235492092146
2025-02-21,-0.028266344731418536,-0.006351178157166459,-0.02654958033293786,0.0006414517959520971,-0.04053973084052043,-0.024997484262220593,-0.011696320447399877,-0.05986019698059175,-0.003642115414613234,-0.034812426494101434,0.0038145628365067186,-0.006356659814564569,-0.09776302131507142,0.02367533679048872,-0.0784221654677123,0.03958650210019998,-0.09431863406114882,0.16075454226387387,-0.08594578746215065,0.01662549139715419,0.019630274216826615,0.07377295541868967,0.013850016641838492,0.026046219996284536,0.2035007771774544,-0.040747272587065675,0.1297571864876279,-0.07173052092148524
2025-02-24,-0.017868663239768212,0.04110795754439622,-0.002282164314636126,0.00883618032296507,-0.030870938711165197,-0.011711380579890518,0.0052396445815816595,-0.06983551894964435,0.039262739493376,-0.03228412539582293,0.04397873827446186,-0.061721221107494784,-0.09967328167769263,0.02799333680380922,-0.09646585520224438,0.08392237997163332,-0.09460555075454646,0.15173365836007013,-0.11506586280008912,-0.0014924342117194067,0.019203501001092693,0.039587537653845484,0.06304660026384434,0.007497425309860972,0.20992582887441902,-0.11374066156433416,0.0840361666280951,-0.05365188972517787
2025-02-25,0.000423094048469963,0.0028088637269123584,-0.02136682405637158,0.023144931044449146,-0.028016630826993127,0.042916737217106427,-0.01384005365566332,-0.06110739562186851,0.03520980850444411,-0.045437285954904705,0.05202977096088257,-0.09160687619446817,-0.05868182758061846,-0.0037225246138270496,-0.09388972739493462,0.07908202830316102,-0.12382005641096239,0.15016902612467597,-0.11211602663703668,0.030920254130087255,0.018880038597989923,0.04889588885151741,0.06610076496712369,-0.0020396260232141694,0.19902075522950824,-0.13195747482776699,0.12303774111917454,-0.07985778501459395
2025-02-26,0.007283848822975836,-0.011444122157744485,-0.015334663937878745,0.014648568630614145,0.036721145843673364,-0.015252431006344769,-0.002460641786989015,-0.05418522929321168,0.02135315816283878,-0.06768504231225292,0.05531399313793672,-0.05709981013176546,-0.07500005204877358,-0.0076156969781399075,-0.08949958469674757,0.04086790267033624,-0.09947354721192125,0.13415128986912084,0.10859653444193662,-0.012320494502929491,0.0024423945027023386,0.08050207091252459,0.04668899855719344,0.03160492796350223,0.22224638341141567,-0.10486779474738395,0.09076983805905847,-0.09424185139305619
2025-02-27,-0.02617215045770671,0.016818452653191818,-0.024489039211163632,-0.010764976943635651,-0.0847805911764884,0.006133154515976846,0.006303673058529968,-0.06344220692692049,0.042777119948780085,-0.08701780107964818,0.03669600898893144,-0.14245952988275068,-0.004320545960838862,-0.016517860404756002,-0.12349355094295666,0.069025687505897,-0.13722477057019156,0.1263741241498646,-0.06853244457277008,-0.00513925131207571,0.028649107823276676,0.05894891773444133,0.05422077751592802,0.023871810331811183,0.21217629662403392,-0.15351673153642276,0.0725835200302738,-0.08748454062877431
2025-02-28,0.016958863624485065,0.022730465843619596,0.01056377557565047,0.017090884049819177,0.03970033175713383,0.018803660944324063,0.010712647594726787,-0.019854109407165255,0.07329662775463963,-0.05220983078946573,0.05373813805235472,-0.07074306260004692,0.0404094928253087,0.005781783209005686,-0.10456830378808257,0.09497934278797704,-0.12860142447245948,0.14692147687343926,0.009862541997011975,0.011384742479715548,0.033641412659758174,0.05376024817631153,0.07624159556892662,0.01685156793812692,0.22147907302334358,-0.08154238181560469,0.10422888389650109,-0.06371758404544703
2025-03-03,-0.034200087377916355,-0.007298192773588785,-0.019203618255662636,0.009873746664132321,-0.08693565937899761,-0.010343784605112871,-0.03206678479051284,-0.03615251844616163,0.02339387029092843,-0.06828450352801285,0.05482188509253061,-0.12450115603157452,0.04184921377984452,-0.03154476599871514,-0.12623591542037071,0.07987716731495387,-0.16856666108297436,0.13130277946722035,-0.08495795019266172,-0.010744935361383656,-0.00772213455188997,-0.013663024774133392,0.0658642368239577,-0.01134465505999871,0.17990470147021886,-0.16690153320654255,0.07114477397455543,-0.07837685462582067
2025-03-04,-0.005950644792114046,-0.027877983051759037,0.023411813288157113,-0.020070629259720363,0.01692097951345506,-0.026847055381748586,-0.0020416455585048343,-0.042293232476180886,-0.007922896071840269,-0.025652645799944418,0.010268354695971649,-0.08402430513932113,-0.02784316901129169,-0.019958176909457337,-0.14254455851586567,0.05801517303180437,-0.16223892722015365,0.12520358303091594,-0.033980140675511916,-0.0324979698616229,0.015650092722781173,-0.00942938849814845,0.026455243716425603,0.011144029358534313,0.15788084430315186,-0.14291406899857606,0.035921027992448895,-0.07783528396068029
2025-03-05,0.022374865016246748,0.005324113109400619,0.012286515371574769,0.020481710069122805,0.011294071573072939,0.010634957702816639,-0.01952755251641103,-0.027944974679736334,0.008905067480534656,0.00167910032171803,0.016076314600497188,-0.10648992389964218,-0.0022867700289720405,-0.036725722137697536,-0.12239911457633401,0.0729429321730859,-0.1401877182504616,0.14917062213027932,0.005485987958015137,-0.035764513109014295,-0.006600741837719082,0.0022608168843283316,0.03204838586067282,0.02526375187271701,0.1709592132183635,-0.151478657767385,0.03992069265900189,-0.09814236453489866
2025-03-06,-0.03676331176651382,-0.0013239792620047819,-0.0038724679735965273,-0.01824209382511377,-0.05737427706833764,-0.013961304261442709,0.02067526556816235,-0.0385168550988908,-0.00909617103741478,0.022848712308717767,0.008396318252110069,-0.07973369739447833,-0.022213066346067234,-0.022968656783487917,-0.1708667315025476,0.0649211891965853,-0.1648900050939317,0.10684692519719619,-0.06809946020991475,-0.06083155152418063,-0.012526096642177409,-0.04750609580311982,0.04296819881966463,0.006166771759551937,0.14320215994561103,-0.20235424101757682,0.023852283094231375,-0.0786369838866573
2025-03-07,-0.007224698407026442,-0.004459266505370096,0.008761244957040892,-0.04730702397161202,0.01917346936239972,-0.030853809868038762,0.013008788628631196,-0.06138118925110747,-0.03543977846174018,0.021024269194188205,-0.055451086508198855,-0.09790256700344468,-0.06987134240057702,-0.02074903307153686,-0.15632806222293494,0.04620772090263703,-0.09130819706280591,0.034314124116965106,-0.09725215112068342,-0.10482139471640883,0.0010480545332698377,-0.06648239448601811,0.0540845031662498,0.015870435408039896,0.07100265653462845,-0.19650814349689105,-0.016969231938473994,-0.06522352543652232
2025-03-10,-0.02363867861413893,0.002986180946913164,-0.0448578271865967,-0.045792224112692126,-0.05067011195633764,-0.04252066197922655,0.02549996108344854,-0.05111701671999158,-0.025446951086976366,-0.0056821608182032746,-0.1075162405825556,-0.06207260871819831,-0.1001127891698308,0.03749082343323362,-0.18544574888146614,0.04165794566858172,-0.1332932605184739,-0.04501528600210236,-0.16863539258470228,-0.14613513621213503,0.04030283851222394,-0.1082692059932292,0.061453703299445994,-0.04655989815789641,0.0016268644609485072,-0.2628678630118977,-0.06813575735813782,-0.012950441050395334
2025-03-11,0.010537694677220655,-0.0017099297788755186,-0.011032694590447867,-0.006869447611582258,0.016638714679925837,-0.004327006136177203,-0.023613711902794043,-0.035377853807176396,0.0007865418867403218,-0.03914746598748364,-0.09549308812088131,-0.06233294745079998,-0.07928820613236687,0.015064215373803869,-0.14209032697291857,0.04973137507146208,-0.11390454276461481,-0.06014940092601628,-0.16235352509626277,-0.13554118610244315,0.011446427149041094,-0.10863752610442878,0.05457209825548426,-0.047630151076829885,-0.0001692647750960452,-0.2502413048444374,-0.08044352979427039,-0.040456425594574186
2025-03-12,0.011699491808345508,-0.000624680218828666,0.01871501394938302,-0.0026697536619888496,0.06427590124907345,-0.025617641903447286,-0.0002748322911638734,-0.045450188102143074,-0.005135401321150979,-0.03304559753958125,-0.11601345488325154,-0.013208447003879686,-0.1123151618708833,0.034996185312794914,-0.14690743797574501,0.05480993742199325,-0.10279145628258524,-0.0524855303173829,-0.1334082828768557,-0.17217264396984266,-0.007784716885697152,-0.12394837484452537,0.054070143339864485,-0.0413017009135318,-0.0041533482662116095,-0.18737263433531315,-0.10774541274633676,-0.03049989401891906
2025-03-13,-0.025139524437347016,0.016756054195437686,-0.026030802250125995,-0.024590475993482297,-0.0013824365221175583,-0.008215907898620478,-0.004215059475030869,-0.033931229009186104,0.012875630140730676,-0.05455499085621107,-0.12172961401454074,0.04540683787915478,-0.1071428483882979,0.009756628384215649,-0.16699603039407152,0.06694741039993324,-0.12072394613326465,-0.07163967802074533,-0.1295886903613207,-0.17536840421188626,-0.01816030896013099,-0.14242114852405685,0.08705026259051585,-0.07083617201790393,-0.0006822692832249011,-0.16727440688835538,-0.09743996672325128,-0.028857198806990225
2025-03-14,0.02093969555611075,0.020525484553173046,0.016773158355755324,0.014757096975966055,0.052690747948613614,0.010059071581681511,0.02972301605776906,-0.0065244820665385506,0.03829542927190066,-0.04704595581509052,-0.06451382589388455,0.07978684606662201,-0.06945053822149994,0.026417196509928687,-0.13532519424579736,0.09087817946959453,-0.09764937980528798,-0.06654059270030466,-0.07212757007561821,-0.1762379061940632,0.04238478774523147,-0.12037858667835255,0.11267267714303353,-0.10525142854115288,0.019137683802578742,-0.09912495671850807,-0.09530311553753967,0.002049468707645108
2025-03-17,-0.01116439246854839,0.0163428577121707,-0.00725133687068813,0.013866278398454224,-0.017588559495923528,0.02472191918054345,0.016621869283470092,0.006168460205846937,0.05212231612146456,-0.00952561794896345,-0.006025826029121828,0.11741446702758251,-0.00409920872318803,0.01753116389997711,-0.15032335094857918,0.08849303917967033,-0.11636836616600232,-0.052392050695337034,-0.11640911111462116,-0.16744402363628452,0.05206696014474432,-0.1499174404464213,0.1335529447123811,-0.15824360037571772,0.03787738391846429,-0.14190651539543475,-0.07693999619350944,0.025532118488843958
2025-03-18,-0.014917738259935254,0.0002485705443204811,-0.022034067485372177,-0.002728127743082398,-0.03430097466409632,-0.021381289119594693,-0.001054806865163349,-0.01917691176509395,0.054186427503148504,-0.020543755717734924,-0.0018809882879591289,0.06142530883698383,-0.021157393511282208,0.04104070021677986,-0.1568129547843925,0.09080676962215883,-0.13159285295350986,-0.02577385998368753,-0.16859472997494807,-0.17733564727532436,0.04988926480817102,-0.15788091760387235,0.1406580665870485,-0.16203877244598042,0.05314439678882521,-0.15945365321277005,-0.0883236348028199,0.025366555712568406
2025-03-19,0.014106347155876442,0.004071577060003495,0.020041009087336192,0.01762898841101279,0.018106148739028605,0.00864584558690007,0.015575581280721451,-0.016843512060918497,0.05914025274319146,-0.019268861169237872,0.018433807589629536,0.015379218946771633,0.013262935555391708,0.0575461620942852,-0.13726009904310932,0.08792098828358119,-0.10715167539085335,-0.023553468352007334,-0.15688086996149886,-0.1681441975786997,0.047848262613853665,-0.1403324210215473,0.14712825187325884,-0.13560879142319715,0.06251588665705321,-0.124537737430085,-0.08403188424632313,0.050544222705332986
2025-03-20,-0.003017266841301769,0.006587013933495811,-0.006650765444832452,0.0066427568334939124,0.008594247566485969,-0.00602334309694641,0.004245646649462476,0.005467004806491094,0.04854730881259295,0.00024572472377371035,0.05104470531867222,0.02552336027579516,0.015502984236382966,0.06653162363967513,-0.13978735053618185,0.09293671057757069,-0.12027043899381262,-0.028233642040228824,-0.14859664253673344,-0.17490380643090853,0.050770544849321864,-0.1630532645935553,0.1615333178600098,-0.17122193243603812,0.08346877690671306,-0.10196276166850349,-0.09549915982414792,0.07805558741558905
2025-03-21,0.006463245885351521,-0.012898847381743739,0.007309643275977384,-0.005934285350241542,-0.0070024387239934205,0.004732687036526961,-0.0034512164775449827,-0.008790049311442782,0.014205203858143278,-0.009063962910697554,0.029613401310556675,-0.03262929044461438,0.01014789209080691,0.03217154084348395,-0.11966079318316625,0.08325028303819293,-0.11043091488524226,-0.04071599931601044,-0.15986859263542674,-0.11309420632549949,0.03125005985425999,-0.15115720573310643,0.1453934270069246,-0.1598665464710528,0.07756481167450091,-0.09724042545221268,-0.09645656656553792,0.07891042794639525
2025-03-24,0.03593082692897376,0.007549199371814197,0.022501258623625953,0.03263011748371869,0.03152091099195853,0.017562199456408134,0.002597393663801295,0.038418252797762786,0.005430041045648704,0.020634308330808482,0.048668675752410184,0.015728313460502852,0.003090000918653635,0.01793255479837952,-0.06150155698405224,0.09840411562129803,-0.06560674197089333,-0.010049455228287818,-0.09677019201968229,-0.07438001896933288,0.04616490216202984,-0.07826958748059698,0.1774781788620241,-0.1089538756358337,0.13296615059698924,-0.058093507780908604,-0.062210029504279674,0.09787450339621184
2025-03-25,0.012053587883713357,0.0057431200370121616,0.017175621487625525,-0.01451040435259432,-0.005930343262850357,-0.031203589042093305,0.006822081390740697,0.0668499061301997,0.010953053309448402,0.06155470489505488,0.03627917119184998,0.045568722147851126,-0.006977914939422014,0.025959162305275507,-0.03290865393754716,0.06109301566773473,-0.04738393065137991,-0.032958986695259984,-0.0735255178709805,-0.09263620170026077,0.04781176304595425,-0.0787316364407693,0.17699292167949499,-0.09417842347844518,0.12709426737180984,-0.07636117904492212,-0.09001331244826927,0.11489775913577671
2025-03-26,-0.022264360904062586,0.008206226285359719,-0.03224676468990806,-0.03002281615228075,-0.05741983754646518,0.005308993116442062,0.014409529048299952,0.02858756156598541,0.015116039648506607,0.007138919875406158,-0.012245952503527002,-0.03199451530758013,-0.010263080106414413,0.024781187968721863,-0.05484021617286772,0.06680407778630282,-0.05797462646656337,-0.08321129266306648,-0.10155204752398583,-0.1253558851753951,0.07782742649697916,-0.10577091178999265,0.1765445887258157,-0.13666948624108022,0.0787028762681996,-0.15537880885100375,-0.07367749311901473,0.12711720993532016
2025-03-27,0.0011435177345771042,0.002456813459258189,-0.017084613791921166,-0.006156534770650257,-0.02048172840602669,0.004929079824249838,-0.0032130388015295663,0.032880244998471087,0.010950843107793595,-0.003439771272563008,-0.024805077378025286,-0.05990038953012955,0.0006426260307610399,0.017169981923015554,-0.060601843355632234,0.08180532873595281,-0.05964879646579557,-0.10200980521505187,-0.15112546025066653,-0.10743084506152367,0.07701447196921074,-0.10530523951539617,0.1764499006289637,-0.16545826972364908,0.0336642215773475,-0.20211749958881642,-0.04963867346391182,0.11895090653544393
2025-03-28,-0.04290822091507418,-0.015359615491775336,-0.048754886360847904,0.0010222382737943292,-0.015794712363695895,-0.005605565020294412,-0.0013571837702172074,-0.017787092267182558,0.008430619533005279,-0.05890601330779732,-0.01798061253904848,-0.06822429015804998,-0.009653541119148512,0.019307345638949203,-0.0767462098825401,0.047570696686521474,-0.08304004422125988,-0.09130981639301339,-0.08714041408376971,-0.11784459490121557,0.06881530317638784,-0.15861166272434102,0.14749486189408723,-0.2121373666363353,0.03551424552457427,-0.21780001367231383,-0.07872434514303639,0.11638221710111796
2025-03-31,-0.012764667384211892,0.011913168209486624,0.002008587567572162,0.004133751675812425,-0.01176255780713742,0.031004087834092697,0.01019277914522676,-0.06395749459475064,0.0127984060404438,-0.07776714363840798,-0.04508032929313066,-0.10732236799140749,0.003428830221515744,0.027029320843656945,-0.1037309421475675,0.03649066690613667,-0.09080280497636184,-0.10288598837586993,-0.13232496449965547,-0.10728056481582482,0.06826554914314542,-0.16203482955485937,0.16010288548269824,-0.20849654055548605,0.04179786088071924,-0.22539869051903094,-0.05128721398196412,0.1268079842172869
2025-04-01,0.010038913682617334,0.000769786945389761,0.01571389856514216,-0.025039128065541427,0.01633151286881862,0.011846667001057742,0.0009249129048698457,-0.06582085510188806,0.00779018502699258,-0.07909242992873367,-0.05528245159390055,-0.08733115220381105,0.04801804171477819,0.02101379431033079,-0.06267684048254452,0.044914531573889915,-0.05843430429510443,-0.13390058719035436,-0.03419130254413216,-0.08726366691109344,0.10467704272753986,-0.14113967298795393,0.16753188064378977,-0.1842140463652714,0.02993961263600009,-0.19597007446180126,-0.02821357818734893,0.12795623390490163
2025-04-02,0.01998228846583383,0.008874426453431283,-0.00019087226970038174,0.016132046253547028,0.002451126423530736,0.01046928925720847,-0.00310822620731932,-0.025456223595080818,0.008458109458977958,-0.04858825498200736,-0.010329529829196549,-0.02936010010707546,0.053397565317118145,0.003381990537627999,-0.038223790128911306,0.08441896218321387,-0.08014939372365548,-0.1019032647909941,-0.047933874726922454,-0.05226404659611328,0.10349640512706393,-0.11427929596099928,0.18922497865369126,-0.1778871091326799,0.05917254496989677,-0.19681308833703837,-0.006221886693733025,0.1321053552697531
2025-04-03,-0.08979129298487254,-0.014059357975319875,-0.04024449184986545,-0.0356015964686186,-0.07806546985533769,-0.027851944411581786,-0.05258273628484578,-0.11397495470141739,-0.008156937490465421,-0.07100583060112386,-0.03965095626541282,-0.08642190146057582,0.019035487622375946,-0.046314351069299486,-0.14374158600743558,0.06351047772222929,-0.12788358568136626,-0.15126057713112395,-0.13205994127410337,-0.08835563494949894,0.06629364991155584,-0.18679062783876665,0.16960813310156087,-0.2028863686589052,0.023898875558588273,-0.24186932474132883,-0.03154808219584926,0.054528700993022206
2025-04-04,-0.041533565999713695,-0.06907342397504257,-0.033970389461830175,-0.06447940763900706,-0.07357570888187526,-0.046642321142277066,-0.07195589413875325,-0.1127023717472343,-0.06226366431510477,-0.05656716361639813,-0.10249116161776894,-0.14005649740708537,-0.023018157605494305,-0.11373482996051876,-0.14798204982485086,-0.008637288736540794,-0.15423452019811879,-0.19123319237016045,-0.14697770909816787,-0.11857094496957599,-0.0304775962540359,-0.22350377326251647,0.09408113914249738,-0.23049311365523717,-0.049594210515715,-0.31806321709376617,-0.07312829472480586,-0.018979658915191933
2025-04-07,0.024912248577988017,-0.006402730492763631,0.007898354718006484,-0.019614933518181887,0.035309011911489385,0.007693243257774762,-0.013417652601821817,-0.078839485089237,-0.0792369425304823,-0.05102170243241544,-0.12371806971242749,-0.09909580435080789,-0.045107567483380184,-0.13444880034220108,-0.12040153321537794,-0.010572596517491206,-0.15495798452694953,-0.16772462858712056,-0.13347267007985486,-0.08351277422418302,-0.055769604686543905,-0.21825240823287173,0.08118001482143966,-0.23395899133807596,-0.07289521296862411,-0.32408824829884353,-0.07402294503277862,-0.03707799566446324
2025-04-08,-0.026246667744515673,0.004608690695219186,-0.013969173142184932,0.00346810645863882,-0.013723798645924323,-0.024334940330501875,-0.02108028948746321,-0.11193211589628849,-0.07570494066538502,-0.07875450287473329,-0.09809614455101612,-0.12573765880708154,-0.07925260562398417,-0.15347782947698374,-0.12275105607154169,-0.008972020519648516,-0.1276298953566697,-0.12475897586641016,-0.09974889225880612,-0.06610562931698993,-0.09865842972745753,-0.2502086762248009,0.09133605957299462,-0.2641505702306478,-0.049154825220119935,-0.3554917569609951,-0.10297929997382316,-0.05632669587773109
2025-04-09,0.11977031526306248,0.058399556756721926,0.0968208178117671,0.03782505709667405,0.18722746024727277,0.09548845127706906,0.04991567251748785,-0.025049683898384467,-0.030331768294316275,0.010634141594785929,-0.07884174726293858,0.0354103372873813,-0.0017824907634296228,-0.1084519730920448,-0.027926091544042908,0.05070019777235513,-0.03249208909571655,-0.08536993081093347,0.05131038273008204,0.027516568291926724,-0.030780488770597136,-0.13961548071505747,0.15121866485532287,-0.1872076250668977,-0.023640392772761643,-0.18409781895755306,-0.010614959860304252,-0.018424354341190274
2025-04-10,-0.05170070417193329,-0.010740062281826002,-0.03711169513366597,-0.04351815781712465,-0.05912715396118473,0.011272371917266266,-0.05548202042205741,0.01575022420780625,-0.02706725575833968,0.013933014373510133,-0.08640335851485759,0.056679665429958836,0.0383909965689373,-0.11118028631893329,-0.08884307015521553,0.040065320440722196,-0.08551259231594854,-0.12283112168111654,-0.07058931738611562,0.0664182377344531,-0.08430308240420892,-0.1841714435818428,0.1415766681550379,-0.2111575096658972,-0.08265489210109833,-0.23217554347080072,-0.010252322815579529,-0.057104212995948256
2025-04-11,0.020141230945248445,0.01609117278116723,0.028268529640089968,0.01595207831974066,0.031235463613924708,0.024169430105128287,0.032122510826021466,0.08111108255665211,0.06194022019971279,0.07925823232537277,-0.007856786647183922,0.17622730223956196,0.11551869646294355,-0.01150082333120761,-0.04652124555601245,0.03938519653259798,-0.03452940375723634,-0.08637190530496541,-0.04023192538783038,0.10124065055337339,-0.05088803487391369,-0.1556134417845214,0.18400122219224802,-0.18079051758854336,-0.08279513460637489,-0.1837231152771409,0.000589534245495571,-0.023253649465469928
2025-04-14,-0.014875318183769082,0.010322326097371715,0.01228209890515597,0.029955914239012005,-0.0019832295375104003,0.0207974665461923,0.0024238943321961415,0.0391418511090047,0.07981568224379565,0.08395234853286793,0.042308583944329126,0.13385912805257494,0.13002510124302935,0.004371502119104642,-0.07996969979844837,0.02899347969910826,-0.038793861183063494,-0.07268777685783656,-0.09007974461252055,0.11294843813662725,-0.07605006647185675,-0.16634628984643773,0.19285444158249776,-0.16625718354367391,-0.05245263598156735,-0.16895464995024345,0.03780338966096464,-0.045522928807078866
2025-04-15,-0.013891933050343641,-0.0025495478382269177,-0.017350819234080106,0.003751505121393217,0.013458567331988691,-0.008022761686123148,-0.002804952411251671,0.05232621870477505,0.07212156383007984,0.08023487528216067,0.042602951903775166,0.16510896835472133,0.14891803088258482,0.02312199570285034,-0.08250745224300837,0.009865916613801762,-0.048572453496615875,-0.08193904903639904,-0.06132355508992493,0.07738450538013653,-0.09370600242585325,-0.17528471313286642,0.17363283412842145,-0.17489178902746028,0.01822363404536853,-0.14837344383438977,0.03786825467614574,-0.051930454878609034
2025-04-16,-0.029288905919567454,-0.022189770495001038,-0.01906473357832439,-0.029424897161436814,-0.06871651023515024,-0.029583882152602547,0.010572375377931653,-0.08775512159521814,-0.009512593147360304,-0.03389827401621781,-0.024956604830235207,-0.08606667017311254,0.01774562201383567,-0.015217266907102234,-0.09589256711350447,-0.012788168089000185,-0.045683696352829095,-0.10651535786621069,-0.09477606123517679,0.06835407653236669,-0.08315723003269626,-0.2194761716269742,0.12636583980145444,-0.21500087405803592,-0.014159371881439009,-0.23297413838980263,0.0010995807150069314,-0.05728678393946274
2025-04-17,-0.009866352335440198,0.003407899552763327,-0.014152511026659709,0.142958243208269,-0.02871100041942709,0.02226116498064279,0.02620196958199661,-0.04751131526517138,0.004652923412539867,-0.010862468844570983,0.16513857017056188,-0.056521406321595635,0.028804755380906766,0.06994890744361837,-0.11726497628660493,-0.013440701536505117,-0.0776740118726632,0.003524514864098327,-0.13640237320220217,0.08277537419718906,-0.07356392406466283,-0.2177558336549993,0.11970360343619979,-0.21551972804359698,0.11062270537235541,-0.24010384907578486,0.02383344101318219,-0.03093453496123233
2025-04-21,-0.030647084568839134,-0.021786549982079628,-0.02308819015841468,-0.02612030372030094,-0.04512742791721891,-0.008689116045372591,-0.014683868365495067,-0.09493151001515399,-0.03279840568635117,-0.06026479670489593,0.11688811023265133,-0.12638590968005747,-0.004202506445945664,0.021427114970286043,-0.141728597366221,-0.04124972641362201,-0.0929361809707373,-0.02913705670587252,-0.18240096140282613,0.07987144956102088,-0.0910267686070576,-0.25944938693354935,0.08327812844133864,-0.24571402426648947,0.129126899264435,-0.29621003397581047,0.0078722448278572,-0.05366526859576093
2025-04-22,0.03502262189247651,0.02736124878128665,0.025733133048376322,0.011637763632670106,0.020431214700521227,0.026403989264090155,0.02800196715668868,-0.049088527789898584,-0.01648670717234524,-0.047777753499469444,0.09702383805281656,-0.10676542343916917,0.0012667089988440683,0.047490078232974575,-0.11737430941364058,-0.0021459546182639455,-0.07634616706155828,-0.011975161929862699,-0.15981306235877513,0.10316343642707859,-0.06233765429742111,-0.24936072282914123,0.11144539745795612,-0.2343123774930579,0.11667843826344648,-0.29774131048992825,0.02181404027270073,-0.01974779751427691
2025-04-23,0.042845673527805994,0.011559399729719644,0.025615733071207236,0.0022717942046062145,0.03862885163399654,0.001159816445733819,-0.008587235344961752,0.005623975645752122,-0.002574900875792152,-0.006141625610334933,0.09540662687967272,-0.08458102541330015,0.010535278307790108,0.04141615717084823,-0.11148277583249777,0.0018256575396558006,-0.07353277564826122,-0.04102213328395832,-0.15402355405377466,0.08538122201569909,-0.0727978904185681,-0.2315220189571029,0.14397078540532027,-0.2159654728740278,0.10195148508426533,-0.30156099105106526,0.02135335514509773,-0.010952206000743536
2025-04-24,0.03289029336584037,0.009168423363693945,0.025297663928795178,0.03654360534433021,0.03621833159301646,0.00926697053061143,0.011734947620588576,0.07003953035525678,0.029412338236748825,0.03880521418602445,0.16985973679234778,0.018566240011766988,0.05099231164294804,0.04261421239863794,-0.09318950368028989,0.005237618992993243,-0.06613503040390256,0.008658416894040455,-0.118154049422735,0.13072200250150745,-0.06827353600024422,-0.2076289408843448,0.1561664749432048,-0.1945477192643128,0.1234172009197072,-0.2770019336343513,0.02444500901313207,-0.004978173324414081
2025-04-25,0.013133978209558528,-0.001279047206841466,0.0168257565678418,0.028857892827766962,0.04303317521952321,-0.007825561134027992,-0.0005522732763145743,0.09489603629507304,0.024603924006457722,0.07144757141019364,0.05307383786976927,0.09380254481380379,0.020059983474514764,0.015432083857798817,-0.060358967309336875,-0.00421972563770634,-0.01878090447562486,0.06988720010090166,-0.024173626261283276,0.11594890329942364,-0.08201582328736678,-0.19527357640407172,0.14631149026111134,-0.19011771450920023,0.12815536970306196,-0.22156618771914538,0.006238106472486349,0.008108971450619062
2025-04-28,-0.006825802991833552,-3.770440413874976e-05,-0.008335496723527402,-0.008196396549086549,-0.020538774098301293,0.0013672621530336215,0.0005525784506259512,0.12180246672194306,0.047384179707665286,0.08762788307530944,0.07245528486626918,0.12196874510795808,0.03040800763617546,0.03113422903167007,-0.06783871484258996,-0.006697629572383956,-0.010046886413698997,0.06769125870461723,-0.024230456942898937,0.11199359281657695,-0.07854790367405373,-0.20270156143004314,0.11847480258721177,-0.16169668158041806,0.08739735621663325,-0.08174292567468022,-0.019697293527592086,-0.005158882611973059
2025-04-29,-0.0016515586767922308,0.006836939891740501,-0.002801694859507653,0.009016483332090708,0.00266716245203491,0.00861165238828776,-0.0024853394520522043,0.08205339712925408,0.02645985882652968,0.057371207658053036,0.06967641874191899,0.10243708915492467,0.012546262569759659,0.0005540293826313825,-0.027656713352501305,0.015694191263591506,0.037776229157369556,0.07621792798561566,-0.005926821127054893,0.12789216797940584,-0.07958885785818692,-0.213142959511893,0.13745559490121306,-0.17898374290047003,0.1015360727852559,-0.15474048365109716,-0.010137260247623292,0.011933059831053638
2025-04-30,-0.015849304820837684,-0.0024692880373630155,-0.00849160566987861,0.015533284909742928,-0.0009173250395856369,0.012598935687316626,-0.0251939385558545,0.0211516718512188,0.012224525865589753,0.022207825514265034,0.08382976912718765,0.06046139029903186,0.024115481834147134,-0.01620579498598229,-0.030694820280155133,0.0012579948339352942,0.026901221618923055,0.08843580435571985,0.004982454875415376,0.10775740110333243,-0.11183055461973124,-0.22208633538053968,0.13636361271512398,-0.1864137440443019,0.11991263544820363,-0.11940169404606138,0.00017512181990908537,-0.019280179771010708
2025-05-01,0.031341496782804956,-0.005663421530707868,0.015743087438187864,-0.11663612200980278,0.024697053835501137,0.001645206633734464,0.0014200840196321174,0.019620477076437437,-0.0026522348597479706,0.012682042708178631,-0.0763378761867256,0.048670564122493376,0.016381585220476724,-0.026235796479947227,-0.010251346409293371,-0.005178351969445716,0.026930731985405965,-0.013822091986801621,0.013254580447243924,0.09658896660380667,-0.11139116516234393,-0.18939653322964844,0.12253619904166979,-0.1960681902388154,-0.033722498466385864,-0.10453062045675765,-0.009857976903805521,-0.025954466541270094
2025-05-02,-0.0011566836184702112,0.018048785766052733,0.016924979987050115,0.03717424341199771,0.025893817366504868,0.01375628091471981,0.004065084617032477,0.005238320575692068,0.016649023381213768,0.012780861777423658,-0.06887183243417772,0.03143857141560846,0.03848998266977577,-0.021737094135482193,-0.03076373117844544,0.003868216177881356,0.04451088223516453,0.006599810904886372,0.03694991416463256,0.10015610003702102,-0.10499702334963279,-0.2006899967104494,0.1517698430181349,-0.19508421440810075,0.017211048261863038,-0.04630183325642323,0.008773238663918326,0.003089108566168397
2025-05-05,-0.01910722026349243,-0.05122260838121939,0.0010974799686802594,-0.0026225707250541186,-0.005938866887284733,0.005873293577760341,-0.02768097522514601,-0.007192279524111167,-0.03539002136012037,0.02241470289192904,-0.06363899580421972,0.04681325602618913,0.043163061841659855,-0.04934167869865658,0.04450424459630531,-0.03397078173149615,0.08950373623895258,0.041021976013975614,0.11807462780885758,0.1383221243230206,-0.08147291087476427,-0.21510400328235568,0.10232246521031452,-0.1830286460396492,0.015357047665864654,-0.024254519800401053,0.0006305073743182454,-0.027045293540298943
2025-05-06,-0.007190832051464091,0.00035144521566143894,-0.005968120974805258,-0.05641180407027857,-0.0024599900463295743,-0.00785254119686285,0.013943967014493186,-0.012700810558538111,-0.04160351297241105,0.01916820658401064,-0.12435603849571064,0.04146036186355362,0.026134864169769623,-0.03368410741338668,0.08192979243763698,0.03807190545771455,0.12108514513881441,0.04999938674912552,0.20390212783311346,0.1846376527849003,0.0035460541970855353,-0.23568538224887048,0.09591654964203267,-0.20816948397684398,-0.06006044203259231,-0.042979753964194956,-0.019344680483371013,-0.039227013048211745
2025-05-07,0.019998985551532122,0.011496405474614946,-0.07259685214806544,0.0020641953059163942,0.031002237470267424,0.0028411131698471426,-0.0009549142383061815,0.02326216564101591,-0.0281857089486639,-0.04672536472552957,-0.13596976613399192,0.07473384358352742,0.016246603842140717,-0.00965619525192496,0.07674319655708217,0.05677222876769927,0.03155034210038954,0.07321788807967455,0.19889402411313184,0.1789335200671034,0.016223082062200023,-0.20095690317585302,0.09391416774328198,-0.20789028386466157,-0.07613736814643901,-0.062158336226194155,-0.0327796485012275,-0.03944561810923841
2025-05-08,0.01785806262143419,-0.009590465408698345,0.01915712028826211,-0.03253436688129663,0.002648296176307241,-0.01416571072438877,0.013956592771912746,0.009884358112393077,-0.0320238030556832,-0.04352129574369912,-0.05370869460642003,0.051608427172296745,0.0002052041904405666,0.002741652538541084,0.12551270191787212,0.04183579234072243,0.06620589078094086,0.03471292897350997,0.21879555536537,0.19122139031221264,0.05259510327406347,-0.19574592656524936,0.07549976674727388,-0.19385340198356438,-0.13514368388291031,-0.08780842212893558,-0.05009672779602725,-0.013015050474933565
2025-05-09,0.0051020185245573835,0.0009546814113492452,-0.009917072889453538,-0.022463116787781567,-0.0061345365349878556,-0.004887084468604419,0.01169031270294374,0.016212242869359184,-0.048277136250304276,-0.06876785026852184,-0.10812029978475912,0.01877726443293337,-0.01818895171377677,0.010356830009597529,0.010256365214433405,-0.014710080944366988,-0.03755268672511114,-0.025394458640507267,0.020292109188587926,0.08207420112468089,0.014272190667948603,-0.1574950787657181,0.0867284360260554,-0.17488971754375005,-0.16221385481125317,-0.10150379608027171,-0.038852185461712097,-0.00569516546251192
2025-05-12,0.08070031092964336,0.0010900408168308395,0.037381291741917844,0.02858812648779452,0.05443640488875179,0.00031012943668429216,0.017239775988343364,0.11961359031966401,0.004197917165709386,-0.03501623994671632,-0.08021091818391424,0.08065369453415028,-0.02361903525611886,0.057034912656617864,0.15130779154753027,-0.002927453466920138,0.03690618323299866,0.048078116740574606,0.14344159051731564,0.07034446331703004,0.09236461172217258,-0.10508707242060589,0.09385961057683923,-0.14923308117386502,-0.12891062043601764,-0.07904973227517198,-0.055089000795911836,-0.007511949120721284
2025-05-13,0.01308471882441209,-0.004705391731664621,0.006752375844892411,-0.012586533898071628,0.0563413373781545,-0.008992237558492988,0.002748250127662999,0.14247879245992623,-0.0008783639295378842,-0.02266746813181697,-0.03749100584724219,0.14435426903815674,-0.02474062038261393,0.045363396274461065,0.1433439752254111,-0.02333475951721542,0.015209289604015241,0.01863706771284601,0.17127917101294265,0.03568769038984643,0.061275857678131596,-0.09189723274813122,0.08309181089781248,-0.13817342725044301,-0.13601641295035594,-0.02152159498299544,-0.05947353685400503,-0.01102271258955101
2025-05-14,-0.005298742220089303,-0.016566404050631922,0.036607565340829984,-0.04088144424923246,0.0416377797663503,0.009908302844375383,-0.008953007128450707,0.1141433549880213,-0.028597849647771678,0.0924162795164627,-0.07874142126484329,0.1561591204610997,-0.017867803814660355,0.03699449114042963,0.15445862967826174,-0.049327739596867426,0.03960509737949236,-0.05142181358238207,0.22247307990136456,0.024639688044416186,0.04923102223113629,-0.08159696533182748,0.06713582382417926,-0.09830376307952537,-0.17890283137758956,0.0321216968807585,-0.06060548161729551,0.01052631189414921
2025-05-15,-0.024161720956264898,0.007806898536811158,-0.00852629358723389,0.024777728905442276,-0.003768232765931301,-0.004957148823867885,0.010140547240634623,0.06814866833145916,-0.01153436615242942,0.06274292357539846,-0.024166604236333877,0.14876018657115742,-0.0086938227293476,0.03309174202662546,0.1424355607365071,-0.03945698735673053,0.04894110663283224,-0.03155134053948261,0.2016934446489933,0.02780624115221264,0.06285204839435798,-0.10938923246242693,0.05585963679451167,-0.11814317254608164,-0.15748660766666056,-0.003308301724157414,-0.07807536813270977,0.013410266011288474
2025-05-16,0.002047074000553817,0.0137583252933422,0.013600946269720415,0.03498286957704244,0.004227577634351887,0.019615818364564275,-0.003591823961980656,0.06490209747098974,0.0011095249251644734,0.08798687815086415,0.033179274891184996,0.16073724447690418,0.015715345879032894,0.01748632504197989,0.17931505867320752,-0.004143701419024537,0.08387141808316279,0.032715314533680706,0.2958177721841182,0.07991559746271437,0.0479550962817874,-0.1009707760950791,0.07239517397323159,-0.10175771343240447,-0.1010666610248876,-0.024757238702020623,-0.05086562108181625,0.008744160454603023
2025-05-19,0.0027725440652370814,-0.003733123834400165,0.002105991886891534,-0.0030104903353886936,0.0012554832990736564,-0.0012213242142795622,-0.015897989742565843,-0.011886482624587802,-0.0037137335988040032,0.05099077684209519,0.0014396162501535414,0.10219499754902239,0.01416030716752581,-0.015659472310355582,0.19436882528894328,-0.011230981797812123,0.10174652230153591,-0.09917414640627853,0.3357967096466732,0.055108721081641665,0.004962714435743809,-0.09040366550255985,0.06124437031533825,-0.09271480918455322,-0.1172915271808539,-0.027385470668888967,-0.04964988199001896,-0.024417940745031563
2025-05-20,-0.010137739138364021,-0.007123527605366942,-0.015371643348674136,-0.010726817442472503,-0.00877770099864661,-0.0032612914227917456,-0.014276399723220812,-0.03453653764301545,-0.00613427877331596,0.027894590851371914,0.0033257498685064224,0.03424927223805807,0.020025143260256728,-0.032371596032154115,0.2196390054465449,0.0035902642595113665,0.11044912833635023,-0.08493537495536885,0.3866473121605494,0.06088586444653665,0.00537830774599235,-0.09954550179822497,0.05161544078336244,-0.11389395927297241,-0.13668049834387141,-0.034745700557216486,-0.054753004775698,-0.0397407607442144
2025-05-21,-0.014455883280997672,-0.003361228698161356,0.027930262397008132,-0.02953104494586989,-0.019199280198776703,-0.014008277643636546,-0.012291518860237827,-0.04342451787306778,0.007210975222138982,0.019290223048788357,0.015199305878940361,-0.02615626048767461,-0.0041310235618901014,-0.03563121823159887,0.1613350480601654,-0.026421359528013832,0.11282772008835851,-0.1221741196322973,0.33279407987988874,0.019115954000858526,-0.03402842305718867,-0.09763105388061233,0.052366151153099505,-0.08564076918099783,-0.16799977369654007,-0.05922406229185373,-0.002894868411998708,-0.06593992185853459
2025-05-22,0.00984492359983613,-0.006824036967059688,0.013704223534068083,-0.013449211130027283,0.0078148503695743,-0.005185060019271659,-0.006656311139123461,-0.01008915574354674,-0.007411308906557834,0.04214443351196362,-0.022670333453810643,-0.014833480621819661,-0.004359123978487478,-0.05166697275850329,0.1245847133975373,-0.044114558079908384,0.09990332981859162,-0.13594314458933687,0.293252795812897,0.012657280045478059,-0.03214704935839463,-0.06224026047453013,0.051865349869117505,-0.047830484858594424,-0.17971569324208703,-0.011811128226055345,0.01736668944346431,-0.061176536286142946
2025-05-23,-0.010388973643241206,-0.0002184718460997992,-0.014045775231931401,-0.0020833607278810673,-0.01159380523896325,0.004273954603727814,0.0005826649493814173,-0.022374584983047563,-0.021096237979079002,0.013719167115127329,-0.05767180794086113,-0.030354560747671955,-0.019340243729201845,-0.047693896461358354,0.07746334688061474,-0.05300583555960181,0.05769706985933376,-0.16814236386610049,0.2335808350431159,0.007647491678894003,-0.04281562388485738,-0.05509849490282148,0.01011190941688489,-0.05905705744536083,-0.18859436783337735,0.00784512762040257,0.03382235554730362,-0.06552582928539297
2025-05-27,0.025026113945093353,0.01132167859169364,0.02629555041863374,0.016126981972539367,0.03206635423474524,0.012871027957379377,0.004755875960739786,-0.0006790812338065555,-0.006303813294535665,0.03818905286195173,-0.03958357380630306,-0.0005164015760211749,-0.00550354198437375,-0.027707348150395994,0.09011057878355833,-0.041057739581888075,0.06754750209264282,-0.1784356273806118,0.22061052833611838,0.028666846005439783,-0.037731938785635855,-0.03186089606233622,0.018686719621113568,-0.013230310519058097,-0.19415995608038472,0.07014490112258098,0.004038649128069061,-0.04790453370208203
2025-05-28,-0.006310081665849121,-0.01188235184820563,-0.0031231790237707946,-0.008038875315176663,-0.005092117794083917,-0.0034843227551150102,-0.013620524707553594,0.0031851515320999724,-0.01106656640107806,0.051103795252402495,-0.03697403802060739,0.0031998989625143803,-0.005726071588284198,-0.027060409740799374,0.09067663585074093,-0.052416500851082515,0.07315867071076276,-0.17830514405381093,0.23986024523548788,0.023682995689759956,-0.05136273120089485,-0.04492654354374914,0.01823513284102085,-0.000992728128897391,-0.21217846159148424,0.026983583288337165,0.016037293129223862,-0.05855601712035963
2025-05-29,0.004787005283780621,0.006102060013922106,-0.00290101417344768,0.004420399234634775,0.03249016424752793,-0.0014395840681177274,0.005680122877480764,0.022772483801951404,-0.0016764414444155884,0.019577462191525674,-0.00328298379136982,0.05606980861803623,0.006948197427351088,-0.009357492247973997,0.09771064420850406,-0.05310813225482525,0.07305178586912753,-0.18204797553650787,0.2767382399524909,0.013481567001408568,-0.04359736975897377,-0.014563612460101405,0.007503809610063694,0.0211152694896779,-0.20008490834756976,0.15857513331359563,0.008390010283982452,-0.05913937737401753
2025-05-30,-0.0033544115296213484,-0.004385794090690398,-0.0006981407947561635,0.020897578472040435,-0.029168709381678815,0.016683745899676694,-0.003797764043228846,0.0094041769863209,0.0007744387576449352,0.005091652888348008,0.031417743261650255,0.017315447284506513,0.029083726172426383,-0.006506718346292795,0.1116473080052216,-0.054927348419919086,0.08148619898169485,-0.17772735419962316,0.24063549928333217,0.017569937736378938,-0.022605135108057284,-0.034247240975441184,-0.01920873694897396,0.00973576524909947,-0.19709104382140352,0.08183190636498883,0.006291763844927134,-0.07264695043223113
2025-06-02,0.007999607012299847,-0.0022819150646542496,-0.015779590007757527,0.01281050411341833,0.016650601990513936,0.010636105073970059,0.0073312820478090845,0.02816054653778699,-0.0012910537232676544,0.0033241846681604237,0.04681161070358608,0.04638595688495273,0.035603048397575776,0.00019408307932522462,0.08648789280852931,-0.051713377063129506,0.04792324292090244,-0.05723293236018445,0.2308933869538401,0.026703778646746557,-0.01683575351655886,0.007950393083873353,-0.014252645085187865,0.013260822893566004,-0.1947561491219969,0.2045646839197266,0.027624313332339057,-0.03490062986435449
2025-06-03,-0.004548692041520419,-0.009904359520512052,-0.016861074094281392,0.0048989582658875985,0.027951559872750442,0.002104849203365733,0.007278001918910482,-0.0015046963992088047,-0.02225237058754248,-0.038866473846132066,0.03524452726824445,0.04221407101909369,0.0245952426360323,0.0027047580805845683,0.08279824897399934,-0.07775102291554703,0.013107310521581539,-0.08657040976835617,0.2333623185334195,0.014903537119366872,-0.013689717003079749,0.009371951096704967,0.003972898154519067,-0.026612606824153784,-0.17423772461680376,0.2176306426437793,0.05819677497207931,-0.025887843037820546
2025-06-04,0.007388989179248462,-0.01371951621334122,0.011252873477433534,0.02005915161438887,0.00495687095373043,-0.006301361303953645,-0.014450754820672596,0.012260621785215697,-0.024070254425779924,-0.02500587869343851,0.06456858834484214,0.05274087220320278,0.021698826291191242,0.0018607870678266636,0.11204716361761102,-0.041296540868585696,0.023384534878657437,-0.06579777572416434,0.24688099664896668,0.002619584079208259,-0.0002691193404252834,-0.0054233292354691764,-0.015045135406218657,-0.027606528973206812,-0.17457965414637855,0.21000044893495073,0.04046341040135504,-0.020843978351414605
2025-06-05,0.0032814165352026414,-0.004602871213085558,0.0009522318726067347,-0.00020899907981009047,-0.013599137425771679,-0.013990830128162934,-0.00459442194296289,0.010743834451408585,-0.034454152067952104,-0.02123805594338679,0.05966196554800329,0.005747599702493611,0.008856745668485155,-0.008374737455737247,0.12377714629047953,-0.046044592486432334,0.030509238049032605,-0.01015402598341697,0.2329575539321742,-0.003583494546505639,-0.01854764411237897,0.035924299070749566,-0.018278977523813356,-0.0228967840065476,-0.15941819406761626,0.2661923576969556,0.040432254845172766,-0.04508574017947564
2025-06-06,0.027223334916139486,0.009800729714433354,0.032518763678554,0.005485446039390052,0.012357853449719514,-0.005001982196047083,0.023961497210112537,0.0417541244170776,-0.020696072808610966,0.011296099475573973,0.043664620768998574,0.04876768083829375,-0.012662033560884356,0.01925698603858117,0.13173652549356163,-0.04764380633638754,0.1473113142803275,-0.006774490739573258,0.2106610609847379,-0.011376343856124294,0.005930000655445911,0.07186954742393348,-0.004216933050484428,0.00011515074299128791,-0.11283824554477018,0.2577248288208043,0.06818562748442036,-0.03476115294437965
2025-06-09,0.015966607137600786,-0.0004052685906145159,0.01510346372521254,0.0049748058141116935,0.0064212515479658006,-0.0002052146624297313,0.006713408931445564,0.0499879125872571,-0.01885406223495667,0.04302873930194506,0.0355902168594886,0.03821517428480492,-0.02325342894871274,0.018631797978245324,0.1296334530358103,-0.03881152153479661,0.14274792955150573,0.03173340646835077,0.21521676628112152,0.002623652703639845,-0.0012558453436122274,0.11534904500793886,-0.007584026322592585,0.06289972586270354,-0.06563828713271103,0.3333626300687662,0.11539369856176807,-0.05244375716426808
2025-06-10,0.0029035159702168745,-0.00445945259630165,0.014254214267345855,0.0432719265311039,0.009324789052088667,-0.001334090151937417,0.0214346398768106,0.057848395839278144,-0.013458373079502262,0.07603947576825476,0.07513515836872542,0.01940242388990243,-0.026605345892349974,0.03294800616398086,0.12716255755834083,-0.04401056133716108,0.17064628795834968,0.10111292690636842,0.2341191553261306,0.006203463682085131,0.008363787941159995,0.10692306151902375,-0.010317370513224233,0.0900770130650681,-0.01846404592463624,0.3237701219629434,0.11874648572152746,-0.008725561324575137
2025-06-11,-0.020265629565462184,-0.006087981195708969,-0.006998985991752638,0.001759200201277622,-0.007780571947151982,-0.015618457346116,0.019492628349035757,0.028808576672232133,-0.005824817416624217,0.056618298523553046,0.05584713852248724,0.006481889145962372,-0.035732068146039575,0.06852385398600469,0.02185581658327007,-0.05086520273273254,0.12056479159721523,0.07239231776422872,0.16130000516811616,-0.009818966483087888,0.01059698290042399,0.0719493066645287,-0.01572768430570448,0.06256172187374642,-0.014105231508148797,0.23414467220951152,0.1302271457423516,0.010874803938870192
2025-06-12,0.00018765734284498237,0.004506866111022578,-0.009303619858426537,0.004229580289354606,0.015192942029507384,-0.01012528723955708,0.0038422361931318427,0.025636100895447544,0.0032737368242536924,0.045792086981289115,0.060534579519379905,0.03586011418822732,-0.03195175944244688,0.07758023328009944,0.008847094758836382,-0.04208019133283625,0.10269368057641781,0.09065566163013083,0.11606308217725037,-0.010951070939523189,0.011699531837265242,0.09979888681431759,-0.027585530316528217,0.08081041368585118,0.01502462832772844,0.25462940618324637,0.1280512363081987,0.01905419774908146
2025-06-13,-0.0053460859139069505,-0.005710298596648178,-0.005862242268063644,0.009026749004056978,-0.020896542846801203,-0.004112684388324683,0.021780811224838326,-0.006882994663532149,-0.012137033714649026,0.006917682252455926,0.06426976461368161,0.0018337048236010123,-0.03108654849459258,0.07528535781932777,0.00879907778128719,-0.031505732109372686,0.057516325103206034,0.14740845116491652,0.04906066522079611,-0.02468245859899232,0.043073815663606574,0.07148274500339213,-0.052584470122067906,0.05674941589974014,0.009292769602414985,0.16692579604589208,0.11222397699989917,0.011194281006259743
2025-06-16,0.018859028217320217,0.005517500911227158,0.012022664766612401,-0.01437708860054887,0.01915894481112801,-0.001588327738044737,0.003210826033586356,-0.004055625593837875,-0.00628377692480564,0.003861726817632194,0.04377608059855298,0.014513336154033274,-0.03242694042658678,0.07154419765278774,0.053272934796100735,-0.03370582468714711,0.07943406107795248,0.10356814585482743,0.0732036417365951,-0.021380419601414125,0.03591816711483209,0.10401553100529881,-0.06267566235297573,0.07726597837796634,-0.018823192737658423,0.21057513577080766,0.08366707105702376,-0.002145162740084139
2025-06-17,-0.005923177895162723,-0.013769046873363,-0.004638825810139968,-0.020233436973158936,-0.003939529332248171,-0.0004241898007442124,0.013513447305786519,-0.012821071082705027,-0.01557631140518434,-0.014837726998016665,-0.019759971440981627,0.0011808310557084312,-0.03154536926447027,0.06323440708312877,0.04489523396439221,-0.059944365691147694,0.06000962059991388,0.0446928167728502,0.06447557139256532,-0.040614668451510294,0.05370170370740124,0.11409604379387828,-0.07581145114422538,0.09642748638081278,-0.03604598212771315,0.24863545253670205,0.1068737788219698,0.012407190076485275
2025-06-18,-0.010706651956707725,0.0034334483833631246,-0.014947338686020384,-0.007848289399495667,0.009436565638210936,0.008912337472850362,-0.007105151575001578,-0.003189459125303551,-0.0061457776661899555,-0.02272333546814176,-0.029161078891504988,0.01855346822523174,-0.007411473200142793,0.03549543773613362,0.03084982779092016,-0.05318214489151751,0.04197091549595555,0.03962354183838945,0.07317321394516174,-0.03088069373498037,0.06311640712332278,0.08683651206575083,-0.07639881087944911,0.0588190119567471,-0.06017945767682842,0.23800281974904847,0.10716622327322889,-0.010202783462245235
2025-06-20,-0.013316402099383007,-0.0005977831886987417,-0.038541521627606934,-0.02840665207907611,-0.011204192941437152,0.01083194387058617,0.013340350665852485,-0.016647922342468813,-0.011196292930164886,-0.051565188221062375,-0.06071215570053912,-0.00793104743946016,0.013603213694334482,0.04529304721000482,0.02753954483991694,-0.04695912369667132,0.017451675196664906,0.021043868773255925,0.0705461078363907,-0.01717797877767291,0.0929014507621373,0.07560915990718087,-0.08299127340260182,0.024826396089760783,-0.0929022426655518,0.21370114914703886,0.12594091409159658,-0.001238928104055459
2025-06-23,-0.005818118205440093,0.006022445856240344,-0.008701440307067765,0.010370714690266292,0.002224535733727162,0.01820639835558624,-0.02580644807038135,-0.017114591128492784,0.0004717160945137966,-0.0542738613770537,-0.059461078230632625,0.01549620536194185,0.036319331915041886,-0.0033892442664271716,0.03654537729693641,-0.03798593734491951,-0.01880660870156059,0.0630250643772603,0.09393024928175309,0.014933135606647774,0.07794715400073948,0.062484043052476235,-0.0654135500135482,0.0085368855152963,-0.07802372029815097,0.2249789104822182,0.14104005741053616,-0.023643787191056864
2025-06-24,0.02062648355436747,0.011706382313931618,0.009564929751240125,0.009654335529734936,0.025872058712224533,0.0013283651110433947,-0.030427766867891837,-0.015409540661741383,0.0066295410871748395,-0.0565705927910507,-0.03652889039422458,0.02218519310760625,0.0393467656567974,-0.03680653066663797,0.0476120033399543,-0.02003692871127305,-0.02281314987014138,0.08791952440143014,0.11353040343344478,0.021578282081003763,0.052151074218257154,0.04678741524469121,-0.061557413906011105,-0.004222770984803947,-0.09853747988206973,0.21827063647888334,0.12283630015292224,-0.05580457363226299
2025-06-25,-0.0036659245365152637,-0.014732145921613427,0.02344532836233837,0.01827560053045718,0.043340313576431866,-0.007551015217428181,0.00027692857938554916,-0.013173828016789346,0.005646521896904622,-0.029951695440075587,0.0013396657431039571,0.07070509403421066,0.03193637930025428,-0.04938586883710783,0.05472908950377686,-0.034262901308492855,0.014344572576653558,0.11011467635884609,0.17541873619683535,0.009549559937828578,0.05182958069114818,0.03052840685592928,-0.08066255233983677,0.0019150396415539284,-0.06854695058880178,0.27865372337879535,0.150249663974245,-0.06194260284674269
2025-06-26,0.024199205109171285,-0.002385807948203311,0.01675655638842155,0.003559309686785639,0.004601045575293838,-0.01274943616157831,0.014948768230564013,0.021644978130290093,-0.0001855688105504294,0.0012692847904476334,0.012852906444039025,0.06557607836357615,0.009780269771922034,-0.028271077227543406,0.0538782186900979,-0.0473525329871366,0.004916657958452086,0.09638454449579825,0.14413853966559032,-0.015986888003483468,0.06250001901224533,0.07950076988110988,-0.09032094708481908,0.05264818378343872,-0.036298590483643256,0.3627879289241911,0.1295876562222269,-0.06144395088294241
2025-06-27,0.028463559660798277,0.0012988452709361553,0.028754164228913526,-0.02473836436699628,0.017610676115523027,0.01301808002128002,-0.0055459568819101746,0.06490533860408831,0.0017118419342423419,0.07135146177754637,0.01667697119170697,0.09662843007167465,0.011964131456736693,-0.04638184452944527,0.09075811703920467,-0.034644497591518775,0.037051092797363516,0.07792710574968886,0.1702466265896525,0.00030847099810893397,0.07119771465896219,0.10895909006209226,-0.09137174487552269,0.10173898763852152,-0.05431685593479141,0.4157852752434066,0.13868007374421,-0.06364058312400145
2025-06-30,-0.017510092291414314,0.00018529966078029148,-0.012883006328344049,0.005261447832305199,0.0015214888165202556,0.005243259843806358,-0.014445030238362189,0.05238162855568129,-0.004100293263315069,0.06683221091653291,0.01153581470465026,0.09585916010312534,-0.0009195345919276177,-0.03526038484102889,0.06655324571954613,-0.040321632536713836,0.02666913872893284,0.0788297049814175,0.13514606175328048,0.00700301373062584,0.04976145721045033,0.1383872872562033,-0.07702686388815672,0.1432860591819487,-0.05031200082731946,0.4406947356599229,0.15110305225428622,-0.07591216620446795
2025-07-01,0.00487719279454657,0.007904968245748378,-0.0022130555874230184,-0.004656639835686649,-0.02968544324345679,0.004704265278673292,0.013358062127590165,0.036142324044694085,-0.0078423148832929,0.054386122736662657,-0.0028018289978202215,0.036511411118707926,0.002448786957889748,0.008307203391216156,0.07536223901764982,-0.028474494695666208,0.025112735875172598,0.05182538018008209,0.13454186984698313,-0.004862399813094331,0.06783963895979306,0.15873022747273424,-0.08068277133843793,0.1384691885225231,-0.05862576312498913,0.4145659880599084,0.12173963228871854,-0.07301667976375403
2025-07-02,-0.002449462616694653,-0.018647443145340725,0.015923646095663102,0.004356237200993318,0.025766351418616162,-0.006412735225900357,0.016568977554902053,0.03740738935938648,-0.011784991196091887,0.04663704500692489,-0.01643307347271994,0.019052474587535784,0.0035985361280956862,0.024730045776820697,0.06421487860826258,-0.04441038698651467,0.05813317597997614,0.04304544309097236,0.1447146857396473,-0.021649789395560393,0.07763222419060334,0.14440339420518566,-0.09851963490900895,0.13870428533591128,-0.030243045067246732,0.4276977285858983,0.10149714317662228,-0.05852829326811726
2025-07-03,0.015869432167251007,0.009407236326841595,0.004982098739485297,0.0017836354660212272,0.013290989179453039,0.007683645867067934,0.01035566457532,0.028970194760399304,-0.00010305699253021494,0.03451655905302453,-0.018173373641302892,0.027867425132180434,0.02436997142898356,0.020092677402945514,0.08604344159524557,-0.025771823550856388,0.08164255520914265,0.03981186102440781,0.12838884780228454,-0.01620323667685908,0.08092484891527385,0.13978883691218025,-0.09804354231848245,0.14459589413673335,-0.04393661098196977,0.4431359350249766,0.09846055585153479,-0.04581289871113581
2025-07-07,0.0002685535903059755,-0.014371136537532192,-0.015262176344470024,-0.009991298084539246,-0.006903417381724064,0.010064960306901405,-0.00971472102225246,0.0007612994474788248,-0.015751099513772182,-0.009746331708844758,-0.0033270372247216073,0.0031062480397299197,0.02138375902359302,0.01581643577789338,0.07836705992368032,-0.026415481101228377,0.053281887968475994,0.009179506051061104,0.11507184139508864,0.0,0.08611920794203498,0.25256429927512847,-0.09832876302606641,0.1743895817068295,-0.018547654947629777,0.5545283514893979,0.14130405483690756,-0.002638566990578628
2025-07-08,-0.018391733064396676,-0.001171469489412269,-0.013745095069217284,0.006197591236858813,0.011122326495506485,-0.022747817683558158,0.02772028958038475,-0.00013673722312013137,-0.01708625065500935,-0.010611159833084471,-0.0023988917928930986,0.012722277620469846,-0.007056751971191044,0.05927644177032798,0.055071890464926554,-0.023059273312722728,0.037816186632845694,0.01564625724735791,0.14301809463004833,-0.008881243524878624,0.1213788344282778,0.282807021113167,-0.03256069831419972,0.19897720796851925,0.05559941017781189,0.696650593503024,0.16990915687838437,0.10448261486184207
2025-07-09,0.014496684294917905,0.0030159013921811084,0.012961754671038994,0.011907585733850645,0.017999969095818136,-0.002883933331347066,-0.0034153625197141935,0.009434756912464426,-0.021854092052003504,0.0044359281303802955,0.014202906587552189,0.06249178695868585,-0.014556123512558528,0.041742961512229115,0.04200021376736118,-0.029623316015943812,0.018158838772345254,0.022133295095484895,0.14938841146367587,-0.006771452430451963,0.09139740335124569,0.2697706279880816,-0.023390026319372703,0.20500053473564495,0.08954031142916863,0.668284765109473,0.15762929311197826,0.11568021588686261
2025-07-10,-0.0012581953255335065,-0.0013363985791556843,0.0056618202750453595,0.0047399950665245605,0.007490211033165828,-0.020142455404014048,0.009929633017615735,0.010640216248515078,-0.004599612725032065,-0.005709860465108352,0.014590426800233036,0.043561307293419116,-0.028173315635571905,0.03493920240341941,0.02433403485695962,-0.03052722917419426,0.0086887767788153,0.021894475294464533,0.1506092219768913,-0.026577753638176493,0.0948841738512709,0.30235550062971783,-0.029169424341261685,0.22899101953675083,0.09092129593781406,0.7041682317346658,0.16260368807850156,0.15102239631653958
2025-07-11,0.012417933203629827,-0.005039002482843391,0.014469115895165308,0.002984836294626758,0.0049968979800461,-0.004849235199058444,0.004350440366409414,0.007206483970997768,-0.018845391027706215,0.0036762247430983663,0.01580698376744749,0.03501944444524252,-0.04026023230032261,0.028787861671701886,0.03405176067885596,-0.031091603810468826,0.008902499193811142,-0.017567101204803093,0.14567551636179354,-0.030004045007806623,0.07657148017846604,0.17749867653364393,-0.0873592568977245,0.13671569028015362,0.054298612212623665,0.4425911157519604,0.05611880070755615,0.1010692390563026
2025-07-14,0.0029775049161142597,0.0009456819671416206,0.007603052458108328,0.007982227680367604,-0.005153982348054642,0.014618594600673829,-0.01308147316686381,0.00993422476652972,-0.0035981031004233,0.02698119584420522,0.03424887519687836,0.03684273062740595,-0.03593347700136984,0.0252902092142111,0.05858351628492864,-0.024234884940468993,0.023738368319385472,-0.011464130626308688,0.14870833280353746,-0.00020887229438704136,0.042173635888757666,0.24539234588429482,-0.07657858550039631,0.18950265935809085,0.11106580063567373,0.5253453563338437,0.05961341678274912,0.15049756049779428
2025-07-15,0.0029243814744550622,-0.012974728028926186,0.002423442474301929,-0.03451595164803156,0.040409535932759866,-0.004071732140378703,-0.008865786496475292,0.03186545164895582,-0.015372685863248248,0.04381739502403126,-0.007599700371879403,0.06687493287401836,-0.017509380152427867,-0.011209357813395826,0.06148002378836859,-0.04121628177594461,0.03585655497912832,-0.049604162397762996,0.17724134396068858,0.005905326402898314,0.02898036135429516,0.22437394970467928,-0.10299361198497547,0.15960502169936852,0.05587293935880511,0.5389151268702115,0.030394897325664916,0.10480827886324229
2025-07-16,-0.013960696164789232,0.0025099284528231625,0.005329674845047316,0.023388411834972533,0.00392503050477,-0.0025161116067039524,-0.006022590588995347,0.0029208644508120774,-0.015869382651020447,0.03595283582833941,0.003659801408087082,0.052124245624127985,-0.017146953544013632,-0.013796195518891219,0.05228663846656434,-0.03328959819065325,0.04751813871260224,-0.03607700408504122,0.20708597596370915,0.007517959719786971,0.0009810545254826941,0.22551069857975614,-0.10992978513670892,0.15164077353000427,0.049140177333041324,0.5480255055949441,0.006862127354727354,0.095499096868491
2025-07-17,0.0030915472640284936,0.0044344409172665245,0.003333875787111751,-0.035831836221868696,0.009511589505708296,-0.0006306550249904896,-0.005078778517360272,0.0072888077747466085,-0.010182522903498081,0.03355477253777317,-0.036868411197777284,0.05423517561357549,0.0024244959489547746,-0.028452021104269698,0.03600184432928755,-0.03433085839845318,0.0385246009428013,-0.057059394373004446,0.1956597039836605,0.008484367149449445,-0.007290125260139169,0.24661734755867015,-0.10369765565224953,0.1758827295003642,0.007766915580092126,0.5419966233672426,0.014365154592642648,0.09300111570452363
2025-07-18,0.010050026580880944,0.0008449385332518489,0.00806186917071261,0.01340777920146774,-0.0034103327462868815,-0.0004204592884651248,-0.03483800908499435,0.004932897472562203,-0.0043289993317505715,0.02702698344382748,-0.026859620238437465,0.045416045545598305,0.0068856425579668645,-0.0663605611221133,0.0526487160086726,-0.02002155823073548,0.05177605632272564,-0.02468263244745783,0.19629494556984195,0.008488130909312996,-0.0546491103281489,0.29713762695854173,-0.08258306400613502,0.20840037340052509,0.0522409125104093,0.6501290087038243,0.04484935554310909,0.043886770119935914
2025-07-21,0.014018476542235536,0.0012874965910871783,0.02723444660545593,-0.012349297691639394,-0.0059741431161833836,0.006522733615343723,0.0025982399203696716,0.015995394440605715,-0.003988985967590675,0.04703681912540936,-0.04648836743091356,0.04455419435283536,-0.0011485155322288332,-0.05152732197368448,0.07895726727816221,-0.022117348935036363,0.09681506136773566,-0.029107269841036176,0.178031536438358,0.006099531782943979,-0.04541035780814684,0.3284282616357659,-0.08452175074463919,0.25913034493866105,-0.09073976900385738,0.6887567990103585,0.028763163058624475,0.019876271358862274
2025-07-22,-0.007980819043607368,0.007841321203152063,0.006522893036042143,0.018709515606653015,-0.02538216980801078,0.0018814403870794916,0.004534917906116931,0.004948067536942213,0.017016569708189877,0.051318717866456254,0.006077081229679315,-0.021499604475081924,0.004822130555690585,-0.03870342605827981,0.08479182875809799,-0.013859959030852131,0.14822375955560196,0.017974922288945594,0.16114017853363327,-0.0028090681268453377,-0.05370527560347316,0.35949074386502233,-0.056793986787475936,0.297295727955875,-0.04888452545328792,0.7236776249457053,0.03973308101953421,0.03976915999981001
2025-07-23,0.003604836070819184,0.009411666187113532,-0.0058011633498131765,0.028914088887323164,0.022450948681822958,-0.0017734853980413412,0.012806341243059904,0.022850444862849262,0.024018177808357244,0.0396786968538434,0.01150928759078007,-0.0034428594862712103,0.005570220081624555,-0.020493567876631147,0.09507359307993024,-0.010537721152654389,0.15158315807287903,0.036657856812647216,0.18457375045716762,-0.022376573233053865,-0.016198274300529114,0.3182238303562335,-0.07327324786293732,0.25741273433560763,-0.032641774457122796,0.727089290741262,0.011189687918720992,0.02439959486601384
2025-07-24,0.01725876103762447,-0.004206118058884045,0.010198028358674005,0.008186227776053823,0.017332301017892293,0.009615352144000111,0.007823176166554813,0.03729672441760612,0.01520915145724655,0.04679149686272299,0.057688659850067436,0.004277493585832737,0.015879801554866013,-0.007791509334723168,0.09146022025810918,-0.026100357858607093,0.15230531637318734,0.03515048405749277,0.1747128982056021,-0.014285768115559705,0.022614041565155896,0.2858803315567462,-0.0877166182669844,0.2385105104181635,-0.02693336681974423,0.6916762127770422,0.019729933305586256,0.041356022605606
2025-07-25,-0.00340177109187767,0.007220143938066803,0.005255804140898546,0.009013871898054582,-0.0013813721014661606,0.009006279739406597,-0.0035202465337935696,0.023482056533566054,0.0216758543601685,0.04387762311877341,0.053102760646773106,0.0063221059051437045,0.02546026352203179,0.024403863260173075,0.09174959405748684,-0.004401357784637572,0.13182558493877572,0.025735269873782274,0.12436006479955841,0.0021591691363394006,0.018732072004452816,0.24069910352361568,-0.0894778534600632,0.21430090293644688,-0.05277720483948534,0.6302928899693512,0.019466539960821594,0.025654194428132326
2025-07-28,0.005833005662313484,-0.004895975956635046,-0.003105819691143874,-0.005635633796648998,0.01873193435220344,0.0014362658508595416,0.00942029636595798,0.01522019270792252,0.015366473068965991,0.013045786072084287,0.060261342081833424,0.031333801259410876,0.02027809485364096,0.03137429338859077,0.07217206393399023,-0.006906454324801192,0.10971533122732602,0.01633714288276411,0.14017550426267666,0.01655909136796363,0.013182992313004904,0.23175822276248903,-0.09277536486195537,0.1904984658995188,-0.08453383025091377,0.5923093040732594,0.02898313536998276,0.03588825430873621
2025-07-29,-0.007646371539299812,-0.0106705719704826,0.01646070077374384,-0.055883473969221,-0.007015547037994785,0.0073763441690744,0.01292174416030245,0.015562462158243529,-0.0032836410770822333,0.02304799697173543,-0.017374197810531844,0.05076923358057717,0.025873896648244132,0.039985200632824514,0.03452750268566307,-0.018777786309339684,0.09645439353740692,-0.016119718487928814,0.11258320687313983,0.010897634791062538,0.0319985029266705,0.23074053416493334,-0.10242212798575823,0.22026643176207528,-0.12855051456264732,0.6142940031096074,0.035157936851176075,0.04869425146492112
2025-07-30,-0.003549595623255297,-0.0011750830146520785,0.00398466540935738,-0.0037617321498791823,0.021423331819171443,-0.00752575197471772,-0.008681679313979895,0.008322787731182002,-0.013737241397625777,0.033117785973409974,-0.04858001490027797,0.049713155355431304,0.019962312412348027,0.01792054477493621,0.0492274173016265,-0.020112376710445412,0.11519040244427137,-0.024950982116061837,0.13469202486439502,-0.0019432012151104905,0.038033447407993526,0.2284006787510675,-0.10956470905913696,0.22857086588240105,-0.1395865773926589,0.6444914333880976,0.018595801992842054,0.04217999533383132
2025-07-31,0.017029402351838252,-0.008655451926864455,-0.023558802420669878,-0.02632601940452095,-0.007809521101566741,0.003996371535870402,-0.002323645193421542,0.008095443816044323,-0.018143988992844418,-0.0014049326393928974,-0.0811490391476456,0.023771089619391894,0.014285746141542432,0.007672062530493129,0.06191596426013257,-0.036212456851792085,0.09133303275754279,-0.04617853846732767,0.16027386759581885,-0.0026464112911878113,0.021969888711379948,0.26943933919729113,-0.11508672314521795,0.20990121158154507,-0.175051990322181,0.633146869354287,0.009942291286661575,0.06663097401817897
2025-08-01,-0.08269617085933034,0.0020343974000689435,-0.014434487271471896,0.03007814861891922,-0.02333162962246693,0.0052050290390541765,-0.01791465755992272,-0.07211373256717657,-0.02319914643835086,-0.020964757908036646,-0.06196701257330528,0.0012679653716589634,0.01046460599574095,-0.006884024331439531,-0.023508540432842562,-0.015900796024280184,0.05872149360916312,-0.021750840173310748,0.1047377269582368,0.009015391645728732,-0.01269695389228187,0.1290746763704651,-0.10823602256538523,0.17395522813813646,-0.03803977082565302,0.5565994705548167,0.013531601326575382,0.04603718468592288
2025-08-04,-0.01443541840985152,-0.029037329948113588,0.031248210957141476,0.008749438913696617,0.03615015415062883,0.011168745976779304,-0.020704108574539082,-0.09081146097059378,-0.04689646311605178,0.01277383479009564,-0.04839686345346428,0.018387587236714076,0.02028482824168032,-0.03652185498693716,-0.05263868928363258,-0.05338147350193301,0.08639213330837991,-0.014948681374783002,0.12965986898860238,0.012505097632868223,-0.04304805669444223,0.11406463131004307,-0.14948129726959825,0.19049020585240495,-0.06440325952883319,0.5721615181446753,0.010944639866003136,0.02023258545226314
2025-08-05,0.009922070229506863,0.011064923987557762,-0.0018970637853000794,-0.003966175128453098,-0.009666692667442134,-0.002811537965959343,-0.001210767286832004,-0.07471535828431519,-0.02595684736561754,-0.00551734321263897,0.003932126724902618,0.015668618381831756,0.00996639895310758,-0.04996451824494508,-0.043495776469359204,-0.028952150227459783,0.10113692404990249,-0.008953728702863373,0.1265166085526297,-0.00040250797001395444,-0.03483034890291403,0.1470351113445305,-0.09364447854420399,0.18692913904178665,-0.0656636368578214,0.5662657597826526,0.0022160217057241027,0.04800718205507937
2025-08-06,0.04004677220394748,0.010168252646283404,0.0072944888362573845,-0.025563000725292828,0.00650733795265368,0.040781458771792733,-0.006807177183054458,-0.034232611317767,-0.014894950289686237,-0.0022388449362348295,-0.018037511094218472,0.0008366614348369605,0.059125014179846724,-0.04816807859701022,0.01344819903370742,-0.017927822767313528,0.12462726370665722,-0.04023606977822636,0.12137493468630067,0.06457939390174405,-0.06725635370908689,0.20161074622581876,-0.08475008681781004,0.20276542998642832,-0.03511730441219063,0.5803456148876123,0.05134357178484383,0.026558907927146436
2025-08-07,0.0036885760119835798,-0.015866589288565103,0.0021928627336715856,-0.14136419716026905,0.00752433863266444,-0.002322096469494883,-0.00525787926117538,-0.04690101105853217,-0.022060700929030896,0.024075091051829256,-0.1340549641631955,0.016304144050026448,0.05245960411911099,-0.05096748106565718,0.002651260961983981,-0.0364160328831028,0.11267124521254601,-0.18560974897233584,0.10983553411357727,0.06517924377464857,-0.06898083923610421,0.18239625321583963,-0.10950942204219394,0.29976152471249096,-0.17322379957974843,0.5443581134775093,0.045930643263254245,0.022137438728529135
2025-08-08,-0.001971955504762035,0.008516247351692208,0.02493375768054107,-0.02373371586066353,0.010676426079413437,0.005915589102567731,0.008022835940093787,0.03697323604845759,-0.015734714700593178,0.06498159448879393,-0.1792924220955806,0.051692336182781684,0.05320356753109601,-0.025902933487740643,0.0019347068532258316,-0.026909476682258626,0.13399385104117978,-0.20868906571452095,0.11334541901263417,0.09350630855549036,-0.07073864944071928,0.15936068470717113,-0.09322943225234415,0.30712864296661846,-0.16570294450957057,0.5567236733644563,0.0672360970033592,0.01615580691771079
2025-08-11,-0.006241858073597895,-0.0014395851287983819,-0.002085103061583049,0.015296042322328507,-0.0035030046935885517,0.0019280049317054182,-0.009082448133783338,0.04559418584246755,0.012241131349957746,0.030557907217318547,-0.1739661767270726,0.01144438264549974,0.04357868397528408,-0.014342969392656446,-0.016531868945299788,-0.023389178976693348,0.11548921426948544,-0.19897606548617042,0.10392914347709281,0.10095337597453424,-0.0831672436921913,0.14627579949385017,-0.09539841199764865,0.31746857693834807,-0.1334766870615225,0.560845526940529,0.07454512625903087,-0.004708642691930609
2025-08-12,0.0007681796954406295,0.012179122346966054,0.01164176515299653,0.006627613048110659,0.0060419962243181136,-0.0029827458938851414,0.0028346682320101735,0.03611696477521931,0.013356625895478702,0.04453697361475761,-0.16518050385942773,0.027487935882229753,0.04339951128033892,-0.010350723751217372,-0.018698219571328667,-0.01242884453507187,0.11996036036187796,-0.20005255147241396,0.11635274151788177,0.08185432206177934,-0.06838138306462838,0.06149349055112796,-0.08537813374828851,0.2847795186951334,-0.15197709200452136,0.4892089674073039,0.07100788012533954,-0.018802939424517495
2025-08-13,0.01395221168040428,0.01471116030243147,-0.006786642026895162,0.03293564992068032,-0.00857170543975927,-0.02538126428782861,0.013850953668024468,0.010121002315278016,0.017913872237490747,0.02993522409673588,-0.11506355007634672,0.012094570542375838,-0.022929641995365513,0.010233702329750072,-0.007908144451753474,0.01527235573396557,0.10967036800948105,-0.14416583157673735,0.06379618450772528,0.058706259898247515,-0.047028737010244015,0.062402435284598656,-0.06753537351421468,0.267501533281568,-0.11288115496744466,0.397695853184145,0.053295832409931965,-0.007938856563384
2025-08-14,0.02858923333961183,0.004001599949464474,0.004852382835740743,0.036245742967608185,0.0023679047425748667,-0.0013863573569000698,-0.002044605544777034,0.035181242652010614,0.03846403873067983,0.032668364128129346,0.06798671333929796,0.006914746548641881,-0.022013231051005056,0.013497017851872517,0.034902966982931494,0.016783016916856353,0.10914353903698815,-0.13341356667829907,0.0621461963170844,0.05990535485139059,-0.04321486217179127,0.09859688812147005,-0.048033359096053996,0.22867320146093073,-0.04154379960697463,0.34500254410687403,0.04151593270519327,-0.0010233855274844883
2025-08-15,0.00021648217457226338,-0.004215160069543034,0.004730457801577881,0.026796301944187917,-0.008625390714084524,-0.006112361820207912,0.0009399747560947525,0.03745114844158759,0.025354573410612202,0.012312601153541491,0.12326403727961455,-0.012315229992857168,-0.03370723101231088,0.006375692389888332,0.03193672387235735,0.00802707722758833,0.1106874019080244,-0.07712391004181363,0.04306357779800085,0.05409159799043595,-0.03742681226798561,0.12604182307911027,-0.05938930314134416,0.2451014890337755,-0.039655864506161764,0.3384449437449295,0.0403067659442502,-0.010122274565175005
2025-08-18,0.0019911124801876845,0.002766087118346361,-0.0019617128847372323,-0.004534908404016491,0.008645039591488768,0.006999987182322087,0.002159816456253072,0.04604610167593637,0.0296730955637583,0.012437771577655576,0.10132423563809945,-0.0002746133304318832,-0.028815642246370787,0.017793334341552614,0.023703181774259896,0.009962012119691277,0.09964337112830823,-0.09346370703225937,0.05568112764374478,0.06191671841319568,-0.0005282240458893694,0.12597893679956274,-0.06958839749337054,0.2259844093212391,-0.07632378186731237,0.3443325829139747,0.027434923137860334,-0.004408330348700695
2025-08-19,-0.01503309388634011,0.014189602735128037,-0.009483953842087556,0.007392110922871176,-0.034998081958037885,0.005859033056421881,0.006559184612582536,0.02952992843313096,0.03171832404075836,-0.008704570108014176,0.1021606522301477,-0.04105701424787522,-0.020202955378727405,0.021573407035365255,-0.005625854896437521,0.02297589387311416,0.060336720359339235,-0.07534363346623829,0.02485695514054087,0.06121649108995597,0.0034203689880425436,0.10598559592838441,-0.0528503997261226,0.21180517789896913,-0.06668613242784716,0.2956568454674757,0.03471842498324085,0.018311037642473105
2025-08-20,-0.01842023178556884,0.006944005139273068,-0.011162423061789828,0.0031711405020464767,-0.0013664290809751733,0.012637006994189681,0.010333305522837621,-0.003339864660464764,0.023820986728424254,-0.013071901363960303,0.07040139296102388,-0.03408782720472525,0.01801731320302946,0.0180289651354697,-0.016090049863578537,0.022065102974565542,0.04170585741579558,-0.08944741599300499,0.05011064756694128,0.0726090413402849,0.009212323193112049,0.0967314623702289,-0.0394307464395558,0.21698556388329227,-0.05357432761067782,0.3053443446323212,0.05122251191833582,0.04373432514228792
2025-08-21,-0.008310623433453235,-0.00018416210861804672,0.0021573272129906673,0.006208947178521829,-0.0023945663416949925,-0.04494495695960199,0.006449866239876201,-0.03909428931650227,0.019552596079712048,-0.015718883315650523,0.039374555677573975,-0.03867708906268863,-0.026387656487813604,0.02669430064881051,-0.027771678673380262,0.0123489865834705,0.050044638281194986,-0.10954066350169767,0.024593003024562687,0.026220661501106468,0.0028784046106036243,0.10357001957422263,-0.036368661589652684,0.18647251138816578,-0.01871979063517004,0.3277096811921798,0.018239137916756576,0.06353877888872828
2025-08-22,0.031043025385826706,0.0008391568906085389,0.03173961636807898,0.002620326931709105,0.017202090813873028,-0.011535292545097997,0.01876772148992667,-0.009479299021675325,0.02472755132254556,0.010740556176916716,0.014902424993923358,-0.013632520145879456,-0.0316999594976729,0.04498075780574018,-0.01459759485000256,0.01747813938786158,0.07243592034109914,-0.1144566286640104,0.024461863510141457,0.00472214868835219,0.01376925174793664,0.12673554633600492,-0.02893342953770872,0.20758172385158002,-0.002736102971528487,0.3400765658565641,0.011739380994334914,0.09075941251225772
2025-08-25,-0.003932852258726194,-0.005766886143596661,0.011645498194299941,-0.02297372448128787,0.010225232930471728,-0.007848846840954105,0.004133696128124198,-0.01533544847517243,0.016007698399179038,0.024520949445992146,-0.003896425220740629,-0.012087227936752876,-0.04597813901024861,0.04703897870170781,-0.01512270983010422,0.00435884338966952,0.07925263047063069,-0.1425299829831269,0.036368835689368106,-0.01206141285559359,0.021555994728216676,0.1340862541006238,-0.0343224865383146,0.23904800440764618,-0.023612802233964447,0.36965871729933086,-0.0004735371773798569,0.09463047766061727
2025-08-26,0.0033781006590050122,0.01240281144871802,-0.006475158460752639,0.0585332541950061,0.01090037658917331,-0.00020811952148325208,-0.0022373194886785575,0.0030700943989114826,0.014217704006090015,0.027633038253367825,0.04667164562210524,0.03490094127726273,-0.051732619512047995,0.03788871430481122,-0.017526468877254175,0.021818515635681157,0.07560493365197707,-0.08719523915250782,0.02840169327749642,-0.013683634675264678,0.009758225846992374,0.11013494792184741,-0.03329014864702473,0.19948388330874378,0.017134999997033606,0.341569277435829,-0.013380367025842221,0.08701174652570232
2025-08-27,0.0017926124405795996,0.007131122542329171,0.001641392626254845,-0.0025270173620575154,-0.0009352252999643706,0.00031228422083295904,0.011301442172545473,0.02372547078556475,0.014406173058925775,0.04093919117838318,0.04072639856719951,0.03534780508381363,-0.0632739047888149,0.038883255509326586,-0.008181461558333214,0.040204808964801275,0.059923342672006275,-0.035608357374544264,0.03469888469112847,-0.020600015006125627,0.008142984324212899,0.1191871519685046,-0.014688605565432056,0.205216815186404,0.02278673724723146,0.3471745795542016,-0.009621462809188963,0.11447629888488464
2025-08-28,0.0108240705271474,0.008351456710773641,0.020050080976923956,-0.003010179373542199,-0.00787445711365986,0.00031226661385796994,0.00532150840477752,0.04347830271664188,0.023066352357075326,0.059524365507028554,0.03119101488633591,0.029660593796233536,-0.018885235646659893,0.037718535734971415,0.006125390534579278,0.05012601964613972,0.07688386961675531,-0.03488082939265347,0.0050203091305658365,-0.012865249793520106,0.022383834273471015,0.12591156800935854,-0.012485691682142086,0.23295833954392942,0.015220286728795607,0.2945075482408783,-0.007883966220990302,0.11407888889221107
2025-08-29,-0.011226278216735164,0.006241799156160077,0.00600079023941591,0.000846966948346628,-0.03324642868305783,0.009052106291154383,0.008292919745926941,0.0006991944794174643,0.028588979522143454,0.033092392759034084,0.02936712120307239,-0.0214058098323604,0.0015490811332332655,0.02704888484340162,-0.021827348669553603,0.06590659867276871,0.10948414150921826,-0.007946587978740483,-0.020745518363826654,-0.007894423597073819,0.03326331870468091,0.1170187119455981,-0.001944560055095912,0.24122361275294857,-0.004718821766924619,0.2890703126817724,-0.015331190640751169,0.12760021526108112
2025-09-02,-0.015982548742835667,-0.0036581897842867805,-0.0073269516318476,0.003562740142750709,-0.019520005102879878,0.008970900744091459,0.0034998008537490133,-0.011406537139894812,0.0307705421819624,0.013717726808975206,0.057325186284230556,-0.050219698236388055,0.018528149982831144,0.026400523537367437,0.04931313777830315,0.059851151615194054,0.1174853326786851,-0.03348319555088297,-0.016923801078483347,-0.0041776273110891715,0.055793717451696256,0.09044279212884221,-0.003321300129800253,0.2518834347153114,-0.013806529075810148,0.24320750032079008,-0.016953609191413865,0.12331127963862332
2025-09-03,0.0028845707190781056,0.0006983588931388507,0.09136495583935123,0.003590969660248078,-0.0009367869432114206,0.016249423473341684,-0.024239128461028714,-0.011892794984287858,0.018853739136548642,0.11354639149074663,0.0024456055054746795,-0.061341174706450174,0.03529411012621542,0.0037672173523570773,0.06775342315243926,0.09230904627430414,0.18262928147827018,-0.03842569864070977,-0.05211106513872543,0.0008259414202669291,0.051982559026646724,0.09858537804388567,0.007351914832028905,0.38969343339286455,-0.015090170393491253,0.2082698526383273,-0.0030780424813260376,0.08816353691994827
2025-09-04,0.042877945692648245,0.010807819763663185,0.007110011207664302,0.006885004211949708,0.006095406083867605,0.014983883815275156,0.0043784175567163075,0.02863127487078776,0.022573231690976803,0.11962597299825717,0.01190454808338215,-0.054735632840757775,0.050478788836911814,-0.003104230531039809,0.10259645696271935,0.09203128244041747,0.19330155809489669,-0.027949934733276338,-0.03702450904096111,0.01868627618672236,0.05786941160976555,0.1372870604391052,0.032403266114275686,0.3840001902459238,-0.02781036142634652,0.20963872498864888,0.01827624684161333,0.10895318179226177
2025-09-05,-0.014214150326010255,-0.01408536938875804,0.01162288600362893,-0.021133115686312598,-0.027030129068697395,-0.004161200907981333,-0.02820279190353525,0.003151967652422094,-0.0001800430931220287,0.1103761267920933,-0.006489502989270424,-0.07298652281926832,0.04578097306369289,-0.03634755903078957,0.045072216195855,0.06581217101480275,0.19842923737947715,-0.02353090092763277,-0.06911146713120342,-0.02530227707319377,0.035080517212412676,0.11745465700934776,0.022568234643552287,0.39875432823286294,-0.04815682317927883,0.19316809096681453,0.02842754994914154,0.08265176500111981
2025-09-08,0.015107797009308976,-0.011985494059370438,-0.0031943883513569915,0.015717596383945764,0.007723497933343371,0.017610094590972514,0.005676018226726587,0.02986897964144375,-0.018291009594974428,0.10022692324489313,0.008272120844662778,-0.03370073659685746,0.054650466795336916,-0.03884860162205239,0.05696226942563554,0.07001538013982644,0.1919871248385916,0.15510772200831457,-0.0689274565796889,-0.005829197464203961,0.04645780186837878,0.10427488996553724,0.0005065548206155679,0.35037368108732814,-0.03847055419544354,0.18770602525013813,0.051799337945927615,0.06331821960005546
2025-09-09,0.010176429751274751,-0.002146700071315677,0.02388485755524039,0.01620549047168618,0.014556426417988044,9.777921857678784e-05,0.0072827303397347,0.05724686857600836,-0.01680171844517586,0.13482046121519264,0.020974199327221887,-0.00011715421945535098,0.045375628688594016,-0.0352253144402046,0.06982802497318796,0.05870220817040961,0.19076726508157726,0.20236335952738704,-0.06535305661300306,-0.011579080241672535,0.04568947673516899,0.09798142770876028,-0.0012364651818568273,0.3620554096352886,-0.027725375378691575,0.19730657392170814,0.05211809212240248,0.06391955243308556
2025-09-10,-0.03320182790348514,-0.005358042380859129,-0.0019196477019892688,0.005342351482800378,0.03847514721289991,-0.018379120122594017,0.016719439792323154,0.019204372903216305,-0.022752206194139202,0.03782149102776877,0.022755916887516214,0.03932711353729168,0.009754614106910253,0.005272097333729908,0.04080433192395816,0.05454774812613361,0.19096469557053086,0.19057571074453827,-0.025980382582641126,-0.03161244304321065,0.07291753686329594,0.058453201530380694,-0.002137964083048449,0.3403353163094347,-0.06307374659841258,0.23188604312397554,0.034160750997556555,0.05900823127001509
2025-09-11,-0.0016498279850283293,0.01393653541662565,0.0050173832714282,0.0021997245894422868,-0.0008459006393353175,0.022308462579210042,-0.003200013977614491,-0.024312609918575756,-0.019727367634799542,0.0356650491090289,0.017996786067068227,0.03215653285758835,0.0170414561161365,-0.0023130773672055405,0.038289590828549436,0.056378724436768834,0.1831660802674826,0.18533868328727054,-0.03264903726418,-0.007047480416055518,0.06646112228449197,0.07856472907955214,0.017966134204318696,0.35655480034827236,-0.06266173254907603,0.24049575641543597,0.07400559803446427,0.03543602059880513
2025-09-12,-0.007827802024989672,-0.006379451820997972,0.00178889295927398,-0.0011767207493253995,0.003668730192814884,0.008183176705264028,0.0001782719900551566,-0.017991683818820436,-0.012065547975774749,0.025597342031489445,0.038750931735794136,0.06472283227209785,0.029648661011215438,0.02682408835125183,0.015986802533491717,0.034422058536002664,0.1933816920837479,0.1461932510070536,-0.020705866730875377,0.027148349226153057,0.05207894569909599,0.06992115934736409,0.00693395179238343,0.37174371373526416,-0.0677079221339858,0.22641396438596173,0.09387012484242274,0.031656740969729924
2025-09-15,0.014376501718361023,-0.004455749449034485,0.04489202463073605,-0.009531543714835444,-0.00039365510697775274,0.0019325715134153043,0.001694012248433907,-0.018699133864432005,-0.004536413463308797,0.07507268282606594,0.012929219188419383,0.0561465529724674,0.013785669153545621,0.022758345920921963,0.0019482074489818313,0.025708458104495513,0.24093352784781685,0.0955589131572605,-0.02340385750506424,0.030562114234730764,0.05602032533200085,0.09113619055169475,0.008204454875279099,0.44177610715577775,-0.08485489003906799,0.25209565067830497,0.1005101580311969,0.011375794859897814
2025-09-16,0.011320962964584513,-0.0011189695670451583,-0.001788470640503359,0.022079971643516938,-0.016146215426247723,-0.0026039170379507093,0.020738789613595765,-0.017587316759554383,-0.003511144223985352,0.04811584913836464,0.018784760889692498,0.024185305173344718,0.011046995991593977,0.03642114039860189,0.013071913987005468,0.028897690013807154,0.23288205811620366,0.09052673911406384,-0.03081256893814166,0.03420002070784123,0.07690864174887779,0.08306338010765169,0.001550250353946847,0.42210010014928967,-0.05100472277932333,0.2087212213954308,0.09939071364569396,0.029046415668583014
2025-09-17,-0.010382430689534927,0.0027291724160221076,-0.006489901775133755,-0.0059891756127345985,-0.0262466362492908,0.008218876751284299,0.005319146041896872,0.0056006307292917334,0.004591087295233276,0.043316480312375116,0.00730172020657327,-0.039645880122221366,0.038442322833140974,0.024799934992999484,0.000561534497986349,0.028859813332059447,0.22728836205182978,0.08893359708395887,-0.06433930267121402,0.035451833650747444,0.08030361855501633,0.07820494935377797,0.01830473935806154,0.41945541660781616,-0.03720782740785977,0.18165150593880774,0.10889685315784114,0.020726529665166193
2025-09-18,-0.0016837898189709932,-0.0037169919001003304,0.010018852475278228,0.0036834986168725603,0.034940451119733984,-0.006425588879203525,-0.011796354353529881,0.005566422249551062,-0.012899727545972461,0.048508544980118584,0.0087930478267646,-0.005249213612812498,0.009254796530559828,0.015962124818493573,0.014122193317304799,0.010694200547104238,0.25145310659433084,0.08492479803265263,0.003472724855610787,0.022805792912516054,0.06060328153682981,0.08803873084385505,0.011048326647404405,0.4554315594758529,-0.0260172855587395,0.21150648218239065,0.09203891849489332,0.01590382851037786
2025-09-19,0.0010811746080494622,0.004791042005128698,0.010673352478958398,-0.014339467867334088,0.0024397346321005653,-0.012258702655023712,-0.009742856450401072,0.014595669165634817,-0.0018025360482486485,0.057807342151248386,-0.004501083436285747,-0.00646728912289829,-0.011208810947886394,0.005884430658123607,0.03427013204330742,0.008533219059985164,0.2790880284183761,0.06598715869917715,0.0072973323829663705,-0.0023399166280296813,0.03952821338547041,0.10391527031538672,0.016499948229952155,0.5299317928001075,-0.011915506977796753,0.228223489455045,0.06709324398185745,-0.007237772895597128
2025-09-22,-0.016632067201427403,0.0017449230818957773,-0.008597668133933034,0.003936242688259206,0.039282375453410845,0.0047883907943728765,-0.007090942351974383,-0.016419599504081117,0.004414661822910171,0.0036564936404872572,0.00903510409973829,0.03296766884920643,-0.008390448691960595,-0.0029372743221768305,0.025591385504253328,0.010479123918957,0.2653610561951598,0.06357943433046476,0.049379172432836516,0.04961203758462296,0.025542367656393505,0.09190772557162807,0.01217787599728637,0.5300919507518509,-0.01820805080703647,0.27363777297071845,0.05303100155302154,0.011834460852602868
2025-09-23,-0.030400202172415014,0.0007899670964486294,-0.0034451370739684295,-0.010557069013378828,-0.028212036426306986,-0.0029176723862829324,0.017229093128151796,-0.05699635190750507,0.006334173671556975,0.0019907905556808547,-0.023185388063691303,0.020299523250129736,-0.00870238374514054,-0.006365563302360933,-0.035526960995136525,0.010429460334387741,0.22220926084768733,0.04960085545194204,0.002528463325535135,0.058762751601832086,0.023993507656421942,0.037317301696524696,0.0012563733147941125,0.5103739534825713,-0.0378617021251384,0.20649144034533728,0.04856572395355463,0.061568613288313534
2025-09-24,-0.0022654160880354324,0.006051386758632482,-0.01796074962288441,-0.006867585541434296,-0.008182476268150385,0.002048481834790561,0.005353222317430184,-0.049261672756479635,0.009668332003836433,-0.0095779734899466,-0.02404860165510536,0.03922716396777459,-0.014769218946422136,-0.006331883091477142,-0.03391241398940548,0.02244025633811897,0.18644077245357926,0.06690337600116991,-0.015739000022916172,0.06932457265991765,0.025237153701845427,0.0387754186881617,0.02237717256745797,0.4492679422754857,-0.061618750057700344,0.14691183422706344,0.0587080121018515,0.06695595548343314
2025-09-25,-0.00935476479077324,-0.0042849481955067326,-0.005462579153455049,-0.03674591806178806,0.00406859508864299,0.003114929869623806,0.008990912676600571,-0.05656706341190698,0.009092745066418217,-0.024759027635054554,-0.06336094045133067,0.00822743702222839,-0.005308817557903911,0.014570331322022456,-0.046172062906692846,0.00558704627646911,0.18764996755901753,-0.02912919561669236,-0.022390749539544896,0.07287873071966566,0.036774567368525135,0.004743914897110013,0.020430891478218527,0.4175971547663331,-0.09930627846667894,0.14630395733208168,0.0757206450031167,0.06069281229415324
2025-09-26,0.007471945580644679,0.010243266954393704,0.0030514279938276268,0.013923961762361659,0.00281385463560313,0.0010673856157890071,0.014101625092936887,-0.050544311232896044,0.014568312035839082,-0.03211374123063826,-0.03650318234398353,0.00860371705108065,0.008111034922753113,0.03900025207261626,-0.040764649689842725,0.008694419325386171,0.18932185179910888,-0.013116957076477864,-0.018722183377929524,0.0736886100333205,0.0396452825823832,-0.015763565715872563,0.029546216273922177,0.38217943591425185,-0.06360005038155148,0.12963583914456867,0.06303024100377264,0.08164908385230074
2025-09-29,0.01087450815780766,-0.001559903968163967,-0.010099765576460307,0.0027191229461402955,0.020539921884648038,-0.0007754865595970273,-0.025592904108405867,-0.023986322526672543,0.011221179722521235,-0.03358020890700353,-0.03767127544429594,-0.009585476552692596,0.0025287588844526976,0.019639422618298985,-0.04071678620921748,-0.0012203124263556742,0.1541688019606262,-0.007445734371792301,0.009381517795829852,0.07252106642534328,0.007675387514549659,0.012671492716308519,0.027749781359895254,0.3860765809913955,-0.06596822325881835,0.15108710488177857,0.05666550353640121,0.06941426395042338
2025-09-30,-0.011702709034319914,0.00699046616800203,-0.0038925989781598558,0.050226373075322295,0.026010341701790507,-0.00019404071623507768,-0.012869945547446249,-0.005165145915320246,0.01748630646454452,-0.034014139898721485,0.021446487154703542,0.04567619863458905,0.005267268034811812,-0.010530935881943093,-0.04117900731782209,-0.0004771973969351917,0.14281827292390226,0.041524529618673256,0.07125115097366086,0.06269334059546461,-0.013474516514124346,-0.004037010625712045,0.026817273494503135,0.3837434418641543,-0.014465917508050707,0.21715918367346942,0.05151386722962226,0.041735394485669985
2025-10-01,0.004827606336181178,-0.009030469259521667,0.007404312255769652,0.08180856216891264,0.0035374376225016935,-0.010673416959813609,-0.006740591148653885,0.0019072619596758322,0.002233027977465385,-0.009063720548410648,0.1126507800107841,0.05803253910273254,-0.007495496120122236,-0.022433672180257047,-0.020901710888534986,-0.005866628797280837,0.1597776913161999,0.12273015804687959,0.09644321219533425,0.04200306539616405,-0.023541691079241978,0.003228477263453655,0.03687978857710972,0.37213964429992896,0.061534910880144844,0.19078268328172943,0.04700478575696421,0.017848768703428552
2025-10-02,0.008067800117406154,-0.004576472748758942,0.0032258563642906246,-0.006748088764744642,0.00881217616136909,-0.0025500128084038343,-0.006250524109890798,0.019527893123143736,0.001939595097038005,-0.00040674516896088697,0.14730114775054592,0.06303106525061297,-0.013100517992236549,-0.03720042102097998,-0.015841416629210125,-0.011106855401116666,0.06611355013507003,0.11116372007516495,0.10714241949499526,0.02272721659287802,-0.005540229146408948,-0.0044760753037380585,0.022515491603576132,0.3697417809041268,0.05249431289039341,0.18551934526674319,0.03637179627364007,0.0011194234849771778
2025-10-03,-0.013039023009411066,0.0057065383441679,-0.0013839191984723609,0.024419174939801058,-0.006723523591067093,0.00363816200782896,0.01770151289608668,-0.0012285206750414224,-0.002559843974204945,-0.004826800823658606,0.1591769595258523,0.05292098421301161,-0.010566125276903704,-0.033782646731419175,-0.06860997399635005,-0.01609753921437418,0.057121985957262256,0.1305138288690102,0.0930360228950089,0.01129493804206061,0.007651295190087115,-0.017720529342800773,0.04334456262915287,0.389046034485488,0.08907664503748913,0.1857340953450839,0.02977761395939149,0.028835602728588317
2025-10-06,0.00633228292302257,0.0025463438870614308,0.02070510230053446,0.006167615905143586,-0.011086245458746924,0.006172238402313512,0.008299440439263117,-0.005716362618390924,0.0015422914645406571,0.026142157308981506,0.16316353312526544,0.020291339324061797,-0.003686475771604081,-0.00017516215645174693,-0.04919729627894531,0.0005002301168450796,0.06661268714790691,0.1620440145326325,0.11094740910662959,0.021788759809794778,0.04550026346361924,0.007020392422720123,0.04722807241359095,0.43756585406200443,0.08904420068065244,0.15969030194339617,0.06025206762711144,0.009393677494471397
2025-10-07,0.003983725247293846,0.004559815266174327,-0.01864793189274816,-0.0016804030586775598,-0.002694803694029413,0.005258036206133632,0.0005254419282167966,0.01006508804189643,-0.0008752087559239508,0.010941919730929728,0.1056749090828415,-0.008253803011263217,0.001746556430745283,0.013392493949545337,-0.05961667985463259,0.017254625612083574,0.0500769198829345,0.14213962261393598,0.09946193196537245,0.009385979525647015,0.04014572703291419,-0.0034150918026620847,0.048840040826046316,0.39270630645108784,0.07442041427758417,0.1361151270574632,0.06890957533883868,0.013385132855494364
2025-10-08,0.015510877718191152,-0.004897454737928575,-0.0046386296778294644,0.002477264959899639,0.021995224919487466,-0.0032932825822761247,-0.002100527405090258,0.02080404403892655,0.0032918187287755973,-0.0011433122751746128,0.02459344245704531,0.009987111248976444,0.009219340772570694,0.01812661046258457,-0.05465078900375753,0.014450387846135504,0.020823771545982694,0.12671011504661012,0.10752326355718478,0.005963423942971557,0.030456336800207318,0.01331776652129868,0.045100064439966614,0.37844156922090333,0.07200076000832456,0.15247197649774646,0.08729004530105189,0.0013138109339756454
2025-10-09,0.01118907849570383,-0.006201996891461281,-0.012631867983262879,0.011386839695285422,0.018296257179543973,-0.010981583189742405,-0.009735029551375618,0.023964757624626243,0.0016534456856722723,-0.016931974335833266,0.04330060885601683,0.01948223810881089,0.0006882825629348499,0.014556628489915013,-0.011244719825037719,0.013589625866363253,0.00986745015965007,0.13348431092052526,0.08600268099468078,0.01354440732898654,0.0036444411041149927,0.01208781961184946,0.043878463257183586,0.34161726165009365,0.08098090976250583,0.16772290793206723,0.08058991386325287,-0.012729071903839095
2025-10-10,-0.049925397829666096,-0.01531985646650258,-0.020535716262632064,-0.025556820975838668,-0.04886534322137259,0.0006878845735567296,-0.019307420625539806,-0.01430458506776855,-0.01928821076127818,-0.035785585538120834,-0.007596512402999744,-0.023771415445946076,-0.002253323456588907,-0.02233794063660488,-0.05905632533716154,-0.01565675619721907,-0.01580896489512107,0.10209175696977946,0.03380928718552578,-0.00789082158965515,-0.012573565887741611,-0.04129561444193086,0.02691525978864573,0.3041506643177134,0.045012942933976285,0.11641571413223595,0.06575341783571775,-0.018957242475860614
2025-10-13,0.017100394188331425,0.005724424519079729,0.03204126018919817,-0.016904714792955522,0.02817212030804872,0.002749420757090393,0.013636665575055273,-0.0037572955871360003,-0.016179345857450178,-0.025076824686206423,-0.03035321922782308,0.014983368445398382,-0.005647478850260068,-0.01716288815886935,-0.035415239046342695,-0.0036658921586127935,0.013911976141108173,0.08473764343514256,0.05904852350585266,-0.013237944289165138,0.0007132390336195282,-0.027744637110479586,0.04637012648959238,0.34268337914846536,0.06407485336744734,0.10328430517071951,0.07305280600318187,0.003316095817319731
2025-10-14,-0.016721987604375044,0.008212568058610925,0.005324581962959041,-0.008603874183497173,-0.044020911827305276,0.04984324049119837,0.00044552617294257857,-0.024303361075460495,-0.012602004232726838,-0.0012613561219665392,-0.03707784079041587,-0.027075283803900008,0.03845404403250696,-0.017241391080247248,-0.0649872262114396,0.009012476296477168,-0.0244823297206036,0.085753605180239,0.012826946331671918,0.033947297068531945,-0.0005340246309488705,-0.03046732818394504,0.05232225878901198,0.34267657727212275,0.03081066289947665,0.05059311403167399,0.12937887837680395,0.009844982284391124
2025-10-15,-0.003789417568938358,0.0008468524844256198,0.022733769472437437,0.017504839532868077,-0.0011108615216387507,0.016976054932528184,-0.006055790796114957,-0.04284696671779131,-0.006902172124539141,0.02620391792034149,-0.02264321462853003,-0.049071944888991026,0.05957236815361022,-0.02113664231028023,-0.07895746843230078,0.010998237278696532,-0.0005175909438862591,0.08089345106203893,0.028305071049989472,0.05424480920175778,-0.026770189765746744,-0.03711808726707655,0.04856362705610895,0.3686378086044364,0.0878339251861644,0.03953838814295607,0.14927607298629564,0.008853314877940388
2025-10-16,-0.00510277898660183,-0.015270285191397726,0.001712927538758402,-0.008698715056311368,0.011010395836064779,-0.023479680845065243,-0.008690989239048763,-0.05826821793441672,-0.015964071408947067,0.04111293198422139,-0.04205295228176831,-0.05587578994716014,0.04618268935189973,-0.020104622763809976,-0.07404366746406066,-0.007149653910335618,0.007734548232528393,0.07794708129613448,0.06764932027350357,0.021099189162570475,-0.04033312781831888,-0.051563275152945565,0.031680055197012225,0.36001789962081077,0.06410389773414082,0.054580587996036156,0.12276351393789242,0.036183968067829975
2025-10-17,-0.006667636156250767,0.007385315126881897,0.007317288806048428,-0.02019813167974338,0.007755381326113531,0.011834253410017093,0.01446131822267227,-0.015390312456452837,0.006726245603579484,0.07071903835593751,-0.03678497904193889,0.0003276050769120964,0.057835811474793886,0.013636665575055273,-0.07866627504002432,0.0039144004642903685,0.0050390945416780575,0.05229842441345589,0.03960507748123021,0.0398648799322503,-0.014833709127660133,-0.07091151133545681,0.0379629637372747,0.33364836810219867,0.0556474922257062,0.0691464967789861,0.12868844780162902,0.04844444395870706
2025-10-20,0.016147214372026486,0.0033710513367972705,0.012830572644728422,0.007635528569442274,-0.0031656175965260047,-0.006312048420584415,0.004098409928138258,-0.01631304347343754,0.004370528181845135,0.050788392472651545,-0.012740991261395607,-0.0301614576854774,0.04827654731338238,0.004098409928138258,-0.06480041591868513,0.002495648683205287,0.0071842887301019065,0.07575909202979769,0.03379190743556193,0.04612534196630258,-0.0010635998707418937,-0.04831408728266107,0.03335908963371237,0.34200607826938767,0.044171967097417,0.09351784340491154,0.1194579183281721,0.047988855650030526
2025-10-21,0.025637486886977978,-0.00564681448989568,-0.0237380177422285,-0.011607598836920197,-0.008103403516373953,-0.0077534064010987835,8.872769332501917e-05,0.026064048271901008,-0.009436039809389007,0.020411494331295632,-0.015732181308078186,0.0062767702368793366,-0.00923414743837514,0.00374030868556563,-0.024601353000008097,-0.004901628389216928,-0.008197077402710695,0.05910322471993079,-0.013343535234792259,0.0330675757737493,0.0061596535520400675,-0.027421239173588408,0.01794335945650971,0.3177942539015788,0.0030493788870771255,0.060839767879154794,0.11275175512780988,0.034829462064255745
2025-10-22,-0.018375903497213075,0.001058415609167307,0.004910968712675823,0.0160835873724543,-0.004857555235790012,0.008661289989261078,0.017744656326263097,0.011040448778405043,-0.00922665032471992,0.00262916299611482,-0.017107007952031794,0.0025023665473102863,-0.01733461857327523,0.027775327875027678,-0.012505141052363444,-0.0046347065708032265,0.00011918339641114883,0.08761947785921698,0.01036827301103349,0.04506442925314702,0.0066696064154609935,-0.061490759342090806,0.023324992327743876,0.31089733208432757,0.010906500339223024,0.0377009351360329,0.11170023156001485,0.045016804664973264
2025-10-23,0.014406971477930908,-0.0033549417553021543,0.005522639172073296,0.010597836405606076,0.010428209748937878,-0.002613412398353332,0.011071374804727752,0.030866764953179304,0.0027618217922267263,0.006442359253402419,0.002025868692719923,0.0019250797730898661,0.003662957452469806,0.048264670717868,0.003996138218945067,-0.013941122788298177,0.024034915497724407,0.10674656788475678,0.029327049439871855,0.04020240917695461,0.01239524610709375,-0.04472003972664984,0.012580817331679262,0.311245296581556,0.012493435922158458,0.04997270114095764,0.09889791833403572,0.06031916224225653
2025-10-24,0.01411194729592502,0.003957896252064552,0.0270272032546075,0.0053712748844643166,0.0225075935807193,-0.006457098042235154,-0.005087087992680761,0.05243153295039771,-0.0006498666087740856,0.02613515418378909,0.028175244043862957,0.016591944087498867,-0.014480678061449592,0.02806488267637053,0.027779110643745275,-0.005778215211202697,0.057488328999712124,0.15513780713952574,0.04822990130209903,0.03027648125170801,-0.0017302537098121684,-0.036857196699686234,0.021590188152236456,0.3508801799923098,0.023701020554312002,0.05386414597062594,0.0902363574873204,0.04508025959203543
2025-10-27,0.012309863182682124,-0.008189389817745973,0.03597234967235918,0.0011629678118267872,0.028079142713459238,-0.016011985458002864,0.00476646176011708,0.04845715862987521,-0.012163980350108461,0.049580922488676515,0.021570746139746744,0.04845598508244486,-0.024100876592355713,0.028748880003200306,0.03271454400464546,-0.023918547855679817,0.09219591176502484,0.14059953097203093,0.07463941918599781,0.01269876911690071,-0.010919679011223482,-0.017488391767453426,0.02415227846355239,0.37681123640801206,0.08555620374421746,0.0911104846546773,0.06492426092288306,0.036666061064885014
2025-10-28,0.010045375014470892,-0.013584126832871024,-0.006684584225920109,-0.007635337792877395,0.04981984937812545,-0.012443876483852812,-0.007848851251264333,0.0325181338575784,-0.02004927015041258,0.06791509795277872,0.02567634799772267,0.10968210622045049,-0.028714070199326924,0.020583829020156763,0.0318674973642068,-0.03567350537525038,0.09596401584186487,0.12882126446436581,0.10547149503197861,0.0008730343046265965,0.007091574775393017,-0.004083593689719556,0.01142857655757612,0.3621799942307198,0.08133530923301802,0.12144436980401374,0.059647116333551686,0.037536986749706625
2025-10-29,0.0045801659836763875,-0.011797924241811475,0.02654501245177565,-0.008011253237403482,0.029896025705414164,-0.00688176727449763,0.012344532128331531,0.05666440136013606,-0.03263452933580624,0.09090551467432317,0.0013540300020014051,0.1484357812349617,-0.04368118847402103,0.015168640252668286,0.04886822138551494,-0.05366587300161274,0.12945290149934108,0.06622535880144498,0.10965811258359404,-0.005821829944595347,0.032815933906288564,-0.01627439045175627,0.0082224396937014,0.4320771006034154,0.10167518041324453,0.16406186521075883,0.048166010675919635,0.052791208648623744
2025-10-30,-0.03230569840563213,0.005801200587259414,0.025166657317651886,0.03806874668801319,-0.020044469393717956,-0.0022447464274027995,-0.01511379841347349,0.008005808954629767,-0.023747377512387757,0.11221758353337852,0.028573667456352148,0.11380104445716155,-0.043327702466115836,-0.01112264575652755,0.01010740007336497,-0.03950225353503434,0.14936718211489008,0.023115605296139208,0.08358249900934123,0.002648174187065422,0.02410926392265722,0.037764845682661585,0.012012504694552728,0.48961958924708027,0.11022117624975603,0.16797973332564942,0.04039784278426839,0.055793717451696256
2025-10-31,0.09584492754129248,-0.0020479405066650136,-0.0010302871863107077,0.021740650833104835,-0.0019714724306379994,-0.010270938101987315,-0.002877277748537521,0.08924666119997204,-0.029587476890888254,0.08183276595569566,0.04532082293421258,0.08713639231965797,-0.0470000100486071,-0.008926241145394642,0.09806212490211563,-0.03706243826655087,0.14449104012911684,0.05246090403463244,0.0719995966952276,-0.005112988525907025,0.027585565477494134,0.15388617180942776,0.04014293694624538,0.4429938762178818,0.12451919518457433,0.1250078850177878,0.018338417832424403,0.07501309348805463
2025-11-03,0.04004585509136338,-0.003894994839925836,0.008997412822687956,0.0390214312298256,0.0216800483053341,0.004052152595124703,-0.005246590360809766,0.11909062269869408,-0.02538573250252385,0.053663702801848734,0.08484909296363852,0.08036970664349408,-0.02756773741882923,-0.018802837927606175,0.15712271129454192,-0.04625565378289476,0.1563888472155872,0.06746287220537428,0.1026543220821905,-0.004702607699664796,0.004414587186650776,0.18830409356725153,0.02475277402344611,0.45874441903217944,0.17305207358472008,0.1606174424292921,0.025347684438065343,0.07066927148294377
2025-11-04,-0.018425168014886806,0.025185021802028196,-0.021781984342640337,0.01152213296760074,-0.039588173995557474,0.006693466724680075,0.0033403043854685066,0.08754637873159754,0.012919577079513855,0.03764906912452082,0.10579196363353804,-0.011640098696935719,-0.008723471748330769,-0.007737217764192006,0.12865556456761262,-0.024718982486967245,0.10825389321749945,0.0731435839202128,0.07087422544133548,-0.004187012883743235,-0.0005254419282167966,0.12149705394381116,0.03998635101312753,0.41663643229648417,0.21769610189029076,0.10746407417504256,-0.008234815920748262,0.0816083323065433
2025-11-05,0.0035295587926045258,0.0022761459689681907,0.024392835440024685,0.02089627562012586,-0.017514626436203384,-0.007822352520549192,-0.0040299819945116555,0.08640900405030405,0.0273456763515203,0.035473612183279934,0.13801583028876196,-0.05713866000977075,-0.009662312710571386,-0.023786912730324627,0.12814500101619775,-0.026936092192129446,0.15686040204731633,0.09741238315506351,0.05496117669859668,-0.017144502902643022,-0.005076081143571609,0.12131937199412879,0.059158748609343004,0.4480169093495969,0.44780989931418236,0.07994140975392527,-0.013702474807101517,0.08294345614130516
2025-11-06,-0.028617121300727022,0.008961280318481313,0.001547675310854535,0.012562036249739617,-0.03652481390732354,0.0020695279706235414,0.007213154842509617,0.0905500880396386,0.03057344566309128,0.011617166560417225,0.11005328893496569,-0.07299517515386633,-0.005380111725535319,-0.001656575304296637,0.07912259998598925,-0.013384287952986962,0.1640504452715974,0.10845218752928032,-0.0054465116309095896,-0.011856219258418066,0.0042098294067860476,0.09138259742972066,0.059626128843852655,0.4149772690206621,0.5016367599384044,0.029505313355447704,-0.017473527385739263,0.08207359603999875
2025-11-07,0.005636975040415049,0.011984190885643509,-0.02079033873039693,-0.013942307660853248,0.0003721807128440613,0.008949584405400834,0.02375548819163842,0.0007779970537078462,0.045064263995898246,-0.008393057070701482,0.07128612683482705,-0.07081830574406611,0.013935390551637505,0.025008795130546435,0.07319749612215443,0.0046704661791456825,0.15443207579218265,0.0806921379683998,-0.02295266728066714,0.008057322256388,0.03817195885000069,0.10442837908568214,0.07387081910076088,0.38845448299527274,0.4583928396388004,0.03350886177049661,-0.010587915167583062,0.11793234511479445
2025-11-10,0.01632498741700883,-0.004167808645134774,0.04041896889680907,0.04572848164147403,0.057932501138553194,-0.0016569247739544046,0.0085309680361354,-0.022047268124077313,0.044778041201040786,0.022486936044024297,0.07820145104471954,-0.037847988274935296,0.00817011672901291,0.039205397419565635,0.14803345889964636,0.016048915472679726,0.22627547517512636,0.15975007356642612,0.0867547734359273,0.005695244860936199,0.06764198349987982,0.12159657076510566,0.05652755269000265,0.4279505169892057,0.5150418189048731,0.08681607645127354,-0.009272207306978641,0.12428242255051924
2025-11-11,0.0028180846386129943,0.00018108643386294254,0.004170924144905275,0.02273854932044994,-0.02959058026486583,0.009959022588197808,0.013195750915422133,-0.0008824049985568516,0.01929623834524974,0.04961433449316144,0.09015725111375383,-0.02783227974246838,0.01144046261376297,0.04941313370120626,0.13191256333503154,0.01044867099986968,0.1931598325217112,0.20651693244954283,0.02570089993140412,0.012926026678203195,0.06717757744813357,0.1092804097422504,0.041398692394242875,0.4437042945178298,0.5000853849371665,0.06377492340553026,0.026652204082711517,0.12355585328972962
2025-11-12,-0.01967085120518708,0.01072280864612507,-0.015790707664516734,0.02949562940858974,0.003313360000960719,0.0,-0.013858787421057284,-0.023980815640222364,0.02788633751903946,0.008441435392267715,0.09934001346803134,-0.0072230201677173644,0.019414683633770302,0.03905692084666046,0.12851794277478112,0.012964479020818764,0.16809935365987583,0.2528835612921929,0.07648737195000477,-0.03516450112658964,0.05191913275629889,0.05723439893166016,0.04837025294590269,0.4140456910090857,0.49031381601611934,0.06477829910253141,0.028077486870097257,0.11025476461114181
2025-11-13,-0.027108907452568887,0.02131765841001343,-0.0283909889900702,0.00500110186824676,-0.03581019794270368,-0.008700700359632885,0.00567217525216801,-0.02246540325011459,0.040474483832737995,-0.02170329994644793,0.09113109647607409,-0.006486670867459354,0.008458029829331304,0.03746722208177666,0.10210137662486951,0.03368313263707923,0.10970801165219224,0.23748734226103219,0.039092433879877486,-0.059524804283782706,0.06433116932763383,0.028351309727595364,0.0752514086880447,0.36743096090704874,0.45867980279021636,0.035580665300744885,0.02540010918819502,0.11550377881815321
2025-11-14,-0.012164320933474637,-0.008126879283589017,-0.0077539015234869835,0.003828203857956458,0.01771385068101239,-0.000585112848859648,0.012992572952308823,-0.03976924460972875,0.019797228652157273,-0.008679017196378203,0.11079521741859444,0.01073609941241327,-0.001072022173928433,0.026560153056366165,0.09427892528379989,0.04118165541489249,0.09922055984189404,0.253125275782744,0.04598208530080106,-0.03747531601946996,0.08761199382513385,0.013823477784386196,0.0635710401365599,0.35949497470462166,0.47093447957194945,0.044891656831897775,0.017676412565377886,0.12756171669187255
2025-11-17,-0.007754941860691922,-0.011160436689067632,0.031149299925982143,-0.003491707582750525,-0.018772690180637097,0.00458620465744497,-0.01349655870681532,-0.06252012544641483,0.012636320657712696,-0.01751124500953327,0.05851247696489059,-0.06254712593060652,0.00517476494061353,0.004138847274622215,0.09308112305665128,0.02201372008102065,0.12522690054161756,0.27449208776870027,0.018447737116893403,-0.04437014668124439,0.05763813309314347,0.021314857802015474,0.03698669365422269,0.41526459551779293,0.4550425704178702,0.06246030222012133,0.01638863028544324,0.10509499172183934
2025-11-18,-0.04431653833391602,0.0022055902118656157,-0.0025962638674692506,0.008172608601022757,-0.028081462747415187,-0.015153094324605099,0.011471750936518976,-0.10658371096436159,0.014686035539068998,-0.024132315153269857,0.0434370405295581,-0.061089260286197655,-0.01981839384151285,0.002430258041048017,0.028039576145679757,0.02082660464818642,0.1080881096099271,0.2751714050727654,-0.007008333179453041,-0.05287258186425614,0.06540462942622804,-0.005629750773336495,0.032106905698134236,0.4275248312835387,0.4622969148709566,0.034037802146400065,-0.011504427957356844,0.10634021477657862
2025-11-19,0.0006290693674619874,-0.006166079230862875,0.030005646778675565,0.018979662965078248,0.02845164512789311,-0.007692970361352525,-0.014114072796207577,-0.08808351668978498,-0.0022690767211558382,0.02127589500378746,0.03277866705940613,-0.03756460007072726,-0.027358901886432974,0.0021707558711541175,0.0029725877842545767,0.02029351512812516,0.16908886217918417,0.3146334664600092,0.029587072846396723,-0.052814893956173115,0.05027424251819235,0.003334109048609868,0.0259317905047165,0.4671934208453108,0.48085625917786223,0.06601051163294525,0.027051908738102037,0.08373530071878199
2025-11-20,-0.02492255148822009,-0.0002793253914330496,-0.011475006577587155,-0.006011731488596683,-0.03152474073899536,0.06460587969904386,-0.002812120835141485,-0.08603418757417691,-0.0233672907888548,0.03905659164452735,0.021461446278568497,-0.033286940517670005,0.044567904228621114,-0.006284000690765956,-0.0037164375771296942,0.01893006975215994,0.15002581898011336,0.28604600969185334,0.0019968624119472977,-0.00028003149763333735,0.029060420929835074,-0.051127412757718815,0.024785266088318103,0.4057397270408729,0.46810682911153,0.014945619903942609,0.10616544278450646,0.060779295715581716
2025-11-21,0.016348913427910006,0.005826974489516301,0.03527375385749121,0.015728957800841048,-0.009743076928405703,-0.016711864758995443,0.0005127606026469334,-0.059653158866429745,-0.00962784193220989,0.08411413232446474,0.03357124882006435,-0.05936791649684514,0.02771255450213861,-0.018526330527492085,-0.0018091903890262717,0.02831729390221871,0.18405245219429966,0.2925756676407132,-0.018006108374598817,-0.014411467116599797,0.018313947193173696,-0.03180661543540897,0.036735398696364996,0.438572550125355,0.52626255489604,-0.005115994048583983,0.09628392008657771,0.056954094498494756
2025-11-24,0.02532963104830621,0.007479543190539895,0.063138178432107,0.00987088786209056,0.020516571142315865,-0.011963474465889412,-0.009480681209980912,-0.028299035840037456,0.009041027907398691,0.11774611487848441,0.04743083691029448,-0.021704126091018905,0.010781888991126198,-0.014530928324126946,0.009232380373064064,0.031924387848459856,0.2256845419525355,0.29836068497110046,-0.019918242704823785,-0.019873759132575275,0.01381701364504706,-0.010624843090536129,0.03169380218674278,0.5393690590697575,0.45609796887833887,0.0043478447040716794,0.0833940308485348,0.049281026564804487
2025-11-25,0.0149814363087164,0.001496641990663683,0.015255251141815362,0.03717181345214615,-0.02591077088622873,0.028252922623300147,-0.012589498743030392,0.03199278822535723,0.008327244379506382,0.1377515157241771,0.07755927042238353,-0.01951919102708921,0.05533096108685087,-0.03797361702315638,0.011895831756271402,0.04200217118931082,0.20117362963810348,0.34505884600353176,-0.071387557856318,0.02421742624661194,-0.003695282710285741,0.0024005021974469187,0.02592190363889424,0.5602914697525465,0.514049801079882,-0.02075977195412193,0.11365530159450898,0.024492857613279018
2025-11-26,-0.0022205534501759105,0.005230358896122667,-0.0107901444269769,-0.0050452014472055495,0.013721716820289664,0.019626131822307435,0.0022705543238479287,0.029053846826399443,0.01988987955644972,0.09268819648455762,0.05215325270779392,-0.03356206031663744,0.08438516860769285,-0.021985516240099923,-0.0003925685404171375,0.061876886826718325,0.19620895218511314,0.3485695371201951,-0.10331796482206068,0.057477977809082814,0.006466487019424427,-0.010535416136024045,0.022746420933791756,0.5131175696467132,0.5109593735729219,0.0005559198347164784,0.13515757553590624,0.021383722238488945
2025-11-28,0.01771686809963624,0.005046625817776151,0.000718727086097104,-0.026142396113466915,-0.01808499704797284,0.012923977887663973,0.01002002050289219,0.07405361460925408,0.025323280980713347,0.10616681253780946,0.03084460658468946,-0.02015058895645505,0.03174306989455933,-0.009400104455149605,0.012679106080120572,0.07997727217912542,0.1661141844142131,0.32392096420479644,-0.14509278486077037,0.07856724860577913,0.004155472364390622,0.0184279529288347,0.02153164407275021,0.5051728616118734,0.4702140524082381,0.016247467945564198,0.13951333114741282,0.02313324617670598
2025-12-01,0.0028299616613276513,-0.010237266286406088,-0.016521904620830474,-0.01634630551605809,0.016497252512760685,0.009229892840203702,0.006124933787519327,0.059767104515340286,0.008947661240357618,0.05082431184291725,-0.0017079872358092274,0.0058139569603388175,0.05896319761154656,-0.0038435354740947725,0.049448103034551716,0.06275599654926611,0.11869396931329246,0.25452167960912964,-0.11321401002276099,0.09097126257542931,0.025809739762343575,0.03789832556896111,0.014786233244075575,0.4912307144713164,0.44104740688943944,0.05357861906005312,0.1398058320966118,0.025809739762343575
2025-12-02,0.0023088475921804186,-0.003736100564528666,0.0029215910185993454,-0.011125947921060364,0.008559328912786102,0.007890312034640745,-0.010717659116543987,0.03597312813134579,-0.002284326160741923,-0.008694813059217044,-0.02246407963096242,-0.005971016906135995,0.08024219762213103,-0.005087553147171353,-0.040127765960092265,0.06095821257000322,0.12311947116643807,0.21416715261786723,-0.10385699583267016,0.1109902786418151,0.0177437922202075,0.03730250219422304,0.010289345276259354,0.37038254044280094,0.4199155149542919,0.0635929049423094,0.13043041327825433,0.04002475427465324
2025-12-03,-0.008702300580441968,-0.006019910845181831,0.012095983694105028,-0.012006205952042381,-0.010305312728931093,0.017791967999488678,0.020974189690391887,0.011799567794979149,-0.009772501620479379,-0.011779552787798853,-0.06881443338786952,0.00995388734203595,0.06925232892015676,0.028731138614961127,-0.08511809101254919,0.058694950087514686,0.12656850407202502,0.15453789081467928,-0.13191221485565807,0.12619347431758476,0.0445705774975369,-0.014001985300077902,-0.006529753870866739,0.37716699255479336,0.39327501251766206,0.046254898964184,0.13355789521712835,0.05720952600373064
2025-12-04,-0.014071797072686909,-0.0007347003826514431,-0.006288585407212111,-0.01845083541807646,0.021160543078458716,0.0037584000314496713,-0.005602756822066679,-0.00021820147913564902,-0.015648533591690827,-0.007282496230383906,-0.08136086553043265,0.01736506476088917,0.05261229916559196,0.02064996701427435,-0.08106050906530682,0.0319279973901796,0.1444115359752427,0.12032714388823185,-0.07700324994366325,0.12290999919247314,0.03526001898681064,-0.013859601408881539,0.006923228782674151,0.35278331405524366,0.39709284938004896,0.0980753389641178,0.14257273394408543,0.08179590284972726
2025-12-05,0.0018331725713693903,0.002205721692525753,0.01149162969858919,-0.004120326276910835,-0.00528960563825176,0.0023510985928898442,-0.005121957224785589,-0.015821981056909018,-0.018430939969445004,0.0034042718897315805,-0.06058746386149694,0.03062240798413729,0.041625154003443576,0.005348627679842011,-0.08261390256220202,0.031855489645832735,0.1299988144413724,0.09287403349651102,-0.06551844338114832,0.13442393524071794,0.03412496644788954,-0.026755417471909015,0.021386037475595865,0.37271398051188864,0.36980630832305916,0.08389548889149423,0.1254399314419845,0.07018062577161333
2025-12-08,-0.011501761877265149,-0.014097603607069575,-0.022861590101180496,-0.01259009322881055,0.0172139763380188,-0.013465403837761403,-0.004805299577161026,-0.029887144463959014,-0.02225931978834106,-0.0030638614864041402,-0.05700019231377085,0.03134909133996655,0.01820136120355831,-0.005573172132866455,-0.06644994380604208,0.008273379580939766,0.10245899616120568,0.06572694698706782,-0.013396801761152322,0.11683713314380695,0.021785389950359946,-0.04764105877189173,0.009153291432155264,0.3100414038410553,0.33099095790955557,0.08673466697446708,0.11017687604255433,0.057337781323713255
2025-12-09,0.004539639393836836,-0.011664658573286246,0.010710086670107533,-0.015407224928405183,-0.0031258565800189597,0.01320886206889793,0.019572353826043054,-0.02772800977208212,-0.030040464628551367,0.004678152295309879,-0.061082859248038246,0.019399863273101392,0.023574321752785066,0.024874355576616658,-0.06746861931216641,-0.015288752695344354,0.13792425834077227,0.0641436706541858,-0.01684669255903337,0.12155185777275546,0.017610305539809135,-0.010463264198977806,0.0027546648312613,0.3266187013591022,0.30352021767561,0.04320040125416025,0.14590171453031964,0.06030467039523235
2025-12-10,0.016935769749744978,-0.002034877835915383,0.009871356077685745,0.011626753485678432,-0.006433507035163322,-0.016339237530709982,0.010909092098001505,-0.002582004005973748,-0.026151734051066078,0.00246982937019391,-0.03862382070300974,0.023387879219443297,-0.010750792464657488,0.014770808872908825,-0.06690819454735386,-0.013179641365348771,0.10451380476345973,0.029441413985804132,-0.07666303599744517,0.10505755280147944,0.020009838751882558,0.007958259862323791,-0.013040612864647416,0.3330259249632441,0.3157815688388126,0.0373664730964236,0.10258165269019792,0.07531264719785358
2025-12-11,-0.006471654188885845,0.011051553756251442,-0.024296583966444296,0.015840744956067798,-0.015507714749317336,0.02067497494928827,0.0,0.005106709291730738,-0.014665271787641876,-0.015696888831760014,-0.005037007416695993,-0.013360358721587473,0.00592125564090229,0.020488356976800404,-0.07555201470528239,-0.0024543851021519014,0.07320164969087961,0.022498402516269556,-0.06326329973650502,0.11678252760465258,0.006725341899927795,0.009335984833639399,0.004273536498712538,0.29831540136750423,0.3381992158727314,0.017546187321130224,0.11624308631774527,0.07512098324062122
2025-12-12,-0.017760970816273702,0.007401397327783998,-0.010050140247244932,0.01796155918842124,-0.03266450115570951,0.012273965459884462,-0.006023090659561858,-0.014551458875326273,-0.009557059442474758,-0.036659624019270476,0.017024552251784453,-0.04051314333756495,0.015879465605870724,0.01956402641693944,-0.07375100217815778,-0.005732493865049482,0.07946128010725029,0.011042726515578138,-0.09685378530763811,0.13048987777467458,0.014724596368373533,-0.022641794063900322,0.016234650954197294,0.23004781278985753,0.3753445166782059,-0.015303820610770624,0.12776433018568145,0.06683819511893718
2025-12-15,-0.01613691637948922,0.01373321592732668,-0.003459625426775692,0.0337514018531162,0.007256294743706926,0.0007712150765917247,-0.008920997001540254,-0.019172313082187253,0.018401934103563056,-0.017531631756494304,0.06475593307263372,-0.04990572428397211,0.030539558491624152,0.015347547937169415,-0.06330502748129851,-0.013116058273820008,0.10716011916894175,0.039965860660215125,-0.05651386492389532,0.14129176629378737,6.56621668149171e-08,-0.04917756725292444,0.03134486436493544,0.2279885295325237,0.39104997807644915,0.008118727245215895,0.13158062109905777,0.035838889966555376
2025-12-16,8.989068511033871e-05,-0.012915218772185488,-0.005353302720950914,-0.007437356384598637,0.008111685598434226,-0.011730422035215349,-0.02615494655067141,-0.023517026383873874,0.017113330051993447,-0.03314617065506997,0.07337468900166222,-0.039195521228411745,0.0051736938689335155,-0.030190272048880362,-0.05168522202321302,-0.01788031213868535,0.10983873615758344,0.028294742028120767,-0.06541568896418148,0.1285642696647895,-0.03864535299021088,-0.039115783393440906,0.015254016554855143,0.22939337745878818,0.3890233484044896,0.043689610983161487,0.10919040362558885,0.0034092985655060914
2025-12-17,-0.005796159688549518,0.008862821519362019,-0.03212971824112465,-0.011856354710569894,-0.038149894542773066,0.0020794249547850807,0.02380544455603384,-0.04534469998355495,0.0282201263066717,-0.07335812368982741,0.04845821277158069,-0.0698660877013546,0.0239951775684506,-0.017818231707518173,-0.04981316222765875,0.0020068736407592436,0.04173074679763755,0.019663280829144814,-0.08387179083513419,0.12574812308500705,-0.00229428448049962,-0.0430739594304802,0.028073372097190408,0.17809020269020892,0.36751734662968283,-0.03001862445066794,0.1186850923190319,0.039558908242513624
2025-12-18,0.024811271877659857,-0.001745046075328771,0.01934483666819986,0.01448465824746914,0.018719942068098128,-0.007176261759745395,-0.007409935862966011,-0.015285757734585292,0.015206228601614136,-0.031911135560867776,0.047058583692002776,-0.037528298140828364,-0.003946657765353634,-0.025096135616340054,0.018917058626590988,-0.0019429793172417442,0.06464696238673517,0.02604727221746783,-0.039756892789009735,0.13486619436725955,-0.020918993298173483,-0.020390536149217597,0.021385834258685454,0.1881981080199293,0.4075082879106,-0.014265559745194167,0.12444130690419031,0.04200797755212471
2025-12-19,0.0026019210221046585,-0.017600698486894606,0.015539319976288546,0.013776381349594358,0.03933622863520214,-0.00409296909821677,0.001287048508750832,0.0051284479843880515,-0.009989570676096404,-0.006886765644195547,0.04275377832792304,0.03411040944279131,-0.02005132945008492,-0.017926267928870976,0.020925967088870623,-0.013426187717378246,0.0496941017541519,0.020807900812731983,-0.029594192056049073,0.13898338754556439,-0.005624175778703444,-0.0012300609466709966,0.0016609089109216324,0.2171263470244542,0.4213040611191976,-0.01421448129215519,0.11450233068172944,0.050800256407363964
2025-12-22,0.00475032567966549,0.010959928500016591,0.008529679887698594,0.004703944062985466,0.01491789831628254,-0.015390079785926547,0.012511819059337626,0.02646715002851341,-0.012697959267308101,0.0050613079936998595,0.013453362089373977,0.04197627640115109,-0.035876364359465285,0.0033118024913669775,0.05199407441221093,-0.0023347360343956014,0.07093666165883472,0.03181270500622868,0.01694102528122765,0.05339859916368295,0.009656550833870403,0.03497796079505533,0.01183972076756068,0.23175159824448865,0.44322603274883066,0.029536693537903114,0.10056112770265102,0.04592730022223357
2025-12-23,0.016241329216049705,0.0011201071005511043,0.014752462851436388,-0.00449611381704762,0.030050700900573935,-0.01509765874115887,0.010749017598796984,0.043044580949604505,0.0013404558111460574,0.025377594268693793,0.01645650973751378,0.06465226934816415,-0.03916133089833429,0.041332412298578536,0.0518827170310181,-0.007003409887019418,0.04970845723361261,0.01126737576782566,0.05780711193244925,0.055127901386508915,0.01998635804788007,0.054175524781135964,0.006880068906897963,0.27278310664242955,0.4466722698051737,0.06922389190240752,0.081729328493233,0.051540859184309396
2025-12-24,0.001033882544133169,0.0016582816648447185,-0.0008271339575212089,0.0049830921413718254,-0.0031711222062752453,0.006402190063696578,-0.0016748086913415117,0.0502101522837739,-0.005810364962452352,0.05854006363265185,0.03377845018071879,0.10336955922085456,-0.03501646995153551,0.015415951587066656,0.026957778577086255,-0.012740988266889297,-0.013448835719601204,0.006372821017124108,0.03325385018446303,0.0747406632347567,0.028024448098863397,0.06523039827853716,0.012889940587029303,0.2787154287587048,0.5093433791617608,0.061514380081990394,0.08527421219143405,0.04042535589269436
2025-12-26,0.000602458846315379,-0.006063766240730906,-0.0018465976351066393,0.0007149044034289176,0.010179710869091751,0.0011647652073678572,-0.0009226057941849053,0.025401349026101583,-0.010111497461910424,0.03653378920131245,0.019746818777980124,0.09411968519309943,-0.026909337399265043,0.022052466169527163,0.01240913539529509,-0.020193915062519108,-0.03006716771369289,-0.029001493950812418,0.07153641005079492,0.04642783900009917,0.04017122106663851,0.057967083282940424,-0.003459814392239524,0.2724713013217892,0.48968016572411854,0.06931140270719727,0.08537978306613536,0.02501113074902106
2025-12-29,-0.0019353042317807878,0.005518763932104598,0.00015946044119585778,0.0009093006419995664,-0.012124077899723362,0.007069985369631215,0.011921726355147433,0.02076094609187762,0.013184213353620411,0.020835978424605717,0.006803959918848079,0.039946903724807914,-0.016002127767594798,0.032907693684969486,0.012698567008229356,-0.019912804363184433,-0.019330941014808256,-0.023190362991602043,0.04421657500172271,0.03354164396392445,0.050187350297626,0.04456051328652011,0.0036053836614295953,0.2856590653279709,0.48699142036336185,0.035086394279352895,0.0939017083252327,0.06447401433557132
2025-12-30,0.001982123671998126,0.005308858850244125,0.0009249568493068239,0.0009456038222015462,-0.003612788112190568,-0.005420764021559221,0.0038164696994502645,0.017948632994682523,0.00752071038352109,0.013138460901463311,0.0030377640563719055,0.020959229936459378,-0.006039009076268198,0.024037186611332917,-0.0029585903344253595,-0.01965708365253027,-0.019128843120217343,0.0039797482021148856,0.05960703181539695,0.014823502104462039,0.04373709144289606,0.0590244160075164,0.00192942920703576,0.2918770035904039,0.4172159101048307,0.00520121926682382,0.0881830771253016,0.08246784943624097
2025-12-31,-0.0073538531116630335,-0.002104380648737414,-0.0027083771406897217,-0.004695533350220438,-0.005545422619901985,-0.004556775214077491,-0.005372337046501752,-0.005686189665289332,0.004275607059010644,-0.004294606968074155,0.002836835335310095,-0.014322713783800456,0.004598824338157614,0.007703886882232114,-0.013083621920253474,-0.011601600704169601,-0.005351931622445183,0.015871269955158862,0.03662952399345776,0.0009604220902310612,0.031810015970610284,0.046185932175538236,0.00893211878847544,0.27890867427435695,0.3038918112336282,-0.0038966996027748335,0.09491091215030845,0.0839589916919703
2026-01-02,-0.018715913643268745,-0.011538819980893456,0.006869044700111848,0.005285271060904151,0.012600514015812525,0.012117372852253006,0.019195686318152383,-0.025303402871420633,-0.008955978511933527,0.003374863306368381,0.0031383689170574325,0.001272484085049319,0.01030376612678574,0.028770448284588745,-0.03378550563436744,-0.01934271767695117,-0.0014370421490432772,0.03273053108519974,0.04078318324743124,0.0051584191635998256,0.06300928856971999,0.018389444137163258,0.0018752876484118275,0.28355299751935603,0.31968860876385197,-0.00015608670277023062,0.11101144933893181,0.11171513070603845
2026-01-05,0.028962461627345393,0.003361140967377496,0.004410648465910105,-0.035960246152688,-0.003865526635683625,-0.0004434386466154461,0.022095367401979038,0.002322351953426116,0.0004415035643037246,0.00966484181709304,-0.03362559906899254,-0.012648909994299129,0.008680881995378531,0.05247252656296286,0.0029262099212199466,-0.010087404742404882,-0.009019614554411026,0.0076918427785723775,0.047555394067359424,-0.012850636806089888,0.06417662691537962,0.061728410509052534,-0.00046117490993102805,0.2910009395642881,0.2419059625885731,0.002720807020106797,0.10649318246708916,0.11651488237627139
2026-01-06,0.033768107781812384,0.0010631444896431752,-0.00695025521734649,0.021632101623907163,-0.004677819899715829,0.014461847120179172,-0.034381009885611324,0.03817807158158293,-0.003991617700281003,0.002487556374449751,-0.01361780778195154,-0.005206607992302548,0.016084567676065475,0.004314297987696003,0.051590904080752065,-0.008306386944543664,-0.009679465889371741,0.04884235275737514,0.021049163783472213,-0.0023242980204937203,0.033378930638781945,0.09067451033377161,-0.001939924887036093,0.25602208773029567,0.2609936739389538,0.00921870597112373,0.11560931107962458,0.0692537652288856
2026-01-07,0.0026148877348795008,-0.005871140662158991,0.02430495071090233,0.041398789797054025,0.009987125820996923,-0.014168194598056405,-0.02114832148341028,0.03883369383176927,-0.0150681869858591,0.025904050042604876,0.026246798358191104,0.008371551533626231,0.007147995411058705,-0.020662874122989727,0.05241144444419321,-0.016298531309017927,0.0028656650203384704,0.09678225760548664,0.03673040524855109,-0.01876653812340623,0.01673236045877524,0.08918747807813276,-0.012303390057672892,0.3109970259152479,0.31540770110611427,0.022052130024040384,0.09405058368449026,0.04609118268635681
2026-01-08,0.019581038977249277,0.00735707879627423,0.010745959085171286,-0.020666259523421382,-0.021521859150629097,0.0031049681460968426,0.037302828957526346,0.06702185889884449,-0.005729642729102702,0.03974439293566134,0.009779569332412086,-0.007828468516470122,0.014899828237298518,0.021356241147347355,0.08550396204624211,0.005108255678906604,0.0373580734888217,0.08781151927213804,-0.002748622132058065,-0.0022852068760726985,0.05975177857000902,0.09355293469154313,-0.0001400594684932699,0.3312601692464934,0.2850397602059125,-0.021467377094793516,0.1010737228101819,0.08739745129475218
2026-01-09,0.004425724253495522,-0.0013405825177268405,0.009617777517530124,-0.019931912776478766,-0.000972775721840291,0.012912394204874778,0.013831208350639113,0.09218545202124728,0.004528529681714799,0.04258287481136569,-0.015550352201418982,-0.021127920254716326,0.015697035217302258,0.015980391223560764,0.08538086552388657,0.015607540325270008,0.03623696494037043,0.08281249054994655,-0.0005947265107777433,-0.002577141130395977,0.053784385372501076,0.08623868848654248,0.00475100840588083,0.3612591796202229,0.24524703146288318,-0.039983970053765416,0.12767487623206075,0.11327523935752426
2026-01-12,-0.003678565947722645,-0.0008615361060365645,0.010013004916438417,0.016397720707032715,0.000432793264901532,0.03003578824423858,-0.0046545667374645605,0.05753884751817151,0.0003009396160007505,0.04839814658574504,0.03791609648889671,-0.01690408757649786,0.046668429519231225,-0.01060950382828496,0.06337907722311376,0.01680162484964609,0.03638231193122543,0.08791917923872061,0.006311924204433383,0.044446703423986156,0.03756063114150354,0.1391135868317288,0.01950403461183603,0.40371578352209525,0.29886100261233484,0.00977449572813649,0.16074702005401775,0.12990905484935023
2026-01-13,-0.0157016882298876,-0.006878342593295783,0.012384857350936418,-0.0035245179819987094,0.004704209026523465,0.0202593863728755,0.02023703229344309,0.006931529815724202,-0.007634500855201565,0.06881091672854511,0.012358500578671494,-0.007637304948690304,0.05265002589165424,0.04535311953008603,0.053500118940101205,-0.0012302427379889957,0.07534496834173576,0.06717986447316227,0.026971811754045394,0.04402143570481165,0.058557779140319344,0.10237650760880146,0.006728594734770166,0.37698041549400085,0.3165388575532926,-0.01327349187241722,0.18101593269465055,0.13726653744021688
2026-01-14,-0.024526018373191683,-0.004220168764847765,-0.00038695353039874814,-0.0036204454193974334,-0.01436954614122099,-0.0026586645596075043,0.02892357479748653,-0.020326228314844985,-0.005986457409364432,0.043046151275051736,-0.0314053350503356,-0.03156894923698694,0.06493965483909347,0.09882681133326687,0.046244269605981936,-0.01275223265792702,0.08584172139618063,0.04455437282808128,0.046394652246961376,0.02862048066324241,0.09577500644907033,0.09362722197874884,-0.005685842525310014,0.36915739727893215,0.32315667402537396,0.017331558893461496,0.1219541756909932,0.16963924630341842
2026-01-15,0.006465239039753046,-0.0010747212528773309,-0.0091115228573736,-0.0375669117749432,0.02134988022026696,-0.006997750283296411,-0.008217996984016374,-0.03292866471001765,-0.014306569129121427,0.022554088034025366,-0.04812065989662084,0.010862579760640756,0.05421417164562614,0.050606077115400216,0.07027949969217073,-0.027173288109607285,0.07968334970168378,-0.02750923572361863,0.06103586377437131,0.020635322055205574,0.09655227026598623,0.10488465270382874,-0.007594873829039561,0.32652536647744435,0.2515417268899385,0.04020699174179998,0.09550565633929486,0.16709483667503955
2026-01-16,0.0039466053837939885,0.0013601019738855857,-0.008353871352345,0.005256791034582209,-0.004383967623675433,0.004194618150114016,0.005885480467530568,-0.03338996524613169,-0.011640948682714924,0.004352167039935351,-0.023656434324643927,0.0074109758782348045,0.04514092590913199,0.04237213251758143,0.07440689135626877,-0.013104169016000422,0.0764262494671828,-0.015071792903334935,0.04788420964779938,0.03708190594354921,0.1326298812397828,0.11493446055944201,0.009165137801403267,0.31319433747586567,0.26916088915463,0.024368060144075,0.12655196483872277,0.1842561076277165
2026-01-20,-0.033957825706746436,-0.016014907578986493,-0.024242369838586297,0.0027831496478156748,-0.04381672138594639,-0.008270622275891593,0.004388446903649923,-0.06276626422722498,-0.026630834864148856,-0.029711216006128027,-0.036734482988359796,-0.03714718638578984,0.006272764417862398,0.05184239791336176,0.04397340597308452,-0.03744021015837706,0.08519823990763364,-0.0004799257702268189,0.041710505102695805,0.026370333146731983,0.11114897208658969,0.08430345137002138,-0.014276427820959281,0.27205142700926577,0.29892909473439744,-0.028054200050840472,0.10416767894360901,0.1724972961613518
2026-01-21,0.001341980773133189,-0.0032139682092591215,0.019813685178711404,0.03575375820453108,0.02948284071008489,0.0054755053082913285,0.02414533121193818,-0.0465375443564684,-0.023039342313025957,-0.02259128699180757,0.0012347492716469066,-0.013400719495655022,-0.008308446072708864,0.05587176988876541,0.02006528118706874,-0.0388566072170351,0.08569737774606456,0.020475435353329186,0.05271630180669673,0.03944959171032347,0.14647332585662398,0.06850518349843138,-0.020745628802151028,0.2808217766647112,0.3351759176479294,0.0037791039423618056,0.11726579070047238,0.19590631739792275
2026-01-22,0.01309929882528893,0.001364123101970538,0.006577736544023383,0.008214885552056517,0.008291401026019996,-0.012818349874571422,0.0002245462112051566,-0.009761240727537035,-0.017560587588544396,-0.01578130308234993,0.013127751876200078,0.009282502276985571,-0.018410578371236275,0.02642109459108899,0.030745502734635277,-0.020302122358006103,0.0761166875241539,0.014877189083621456,0.021271813285518304,0.030342724097101925,0.14525676109169305,0.05544294746778866,-0.013841149203678738,0.3205949922272482,0.3619532418695337,0.02037031140412271,0.11156268412268333,0.19606872921104967
2026-01-23,0.020568436457892858,-0.011393401566462846,-0.007896232610549059,-0.021234460488153917,0.015310552663258647,-0.0008486516968970736,0.009951991457124665,0.004114581478143586,-0.02770897249762916,-0.014574193088947474,0.030320489591949773,0.0033145301384924775,-0.012332152943012042,0.04522569012493549,0.046972864029977135,-0.04196421736987621,0.058589986129362615,-0.011323857757818856,0.021666925853338848,0.04555956715537146,0.14236132835354764,0.0973159303090243,-0.026107635878957258,0.30376452021681377,0.31193232144956107,0.04104970121977902,0.10108255921709808,0.18691067300386477
2026-01-26,-0.003094185824689788,0.009395160424517712,0.01625350820181426,-0.0014470872334428897,-0.006394126101000319,-0.0007644677970379821,-0.0009632672853026047,-0.0029273877657078895,-0.01990716850962626,0.009878831183121273,0.023449465987953166,0.0012888283191201388,-0.01720962355704203,0.03810908765333054,0.02705263546053449,-0.03404529022886327,0.06015587695969504,-0.008295743169707492,-0.014481269894114246,0.06077549699094864,0.1291239557859829,0.07838437793707032,-0.013648609416157087,0.31767820626130616,0.29629590895963975,0.023717556747339552,0.10312373430284127,0.17278304017952806
2026-01-27,0.026256163723313408,-0.018201724555297893,0.0038707612918738032,-0.021867769709465912,0.010993681830616886,-0.005950351663777886,0.014758381549826671,0.059220747514204586,-0.022085335291595398,0.03897504844993405,-0.0017094831439528058,0.058684774937177275,-0.01491026681764418,0.04882717528939806,0.052930491154656645,-0.053197397185484774,0.06514050116963177,-0.034791824750841194,-0.0004771815318934669,0.04775557938799313,0.14771019294881405,0.09129827103585741,-0.03541961483356448,0.2879684392637474,0.2611746925959251,0.012190020248424638,0.10368637126219826,0.19617647474345778
2026-01-28,-0.0068252338521122,-0.0024859863904991286,0.004364196880606519,-0.015112879699893944,0.01591348287194827,-0.003164072754940239,0.005481211167172262,0.05058145809403869,-0.021371135780866357,0.02323527844455575,-0.050736273384486275,0.04473051365099501,-0.023374679530022924,0.029713251015927034,0.04511435593336355,-0.04978927988435289,0.07176810847673987,-0.05005801749503069,0.005196102034471295,0.04322529198186831,0.15506670611081064,0.0706701026561467,-0.029872798719546068,0.24867173097604178,0.24067184975986167,0.00021238256499334085,0.11809718312166684,0.19702738533671016
2026-01-29,-0.005267268047532414,0.006969562986776978,0.006666405517007812,0.00033211279488476464,0.005169082772252587,0.007206056538503924,0.021296690027909237,0.031535373837733305,-0.01589296341443136,0.023325414772796593,-0.05815813389335878,0.04149535648341307,-0.0035644021328427034,0.05140664556174701,0.041625320370781926,-0.04841828128747694,0.07874093280296113,-0.05060581435076428,0.022792459340527094,0.0433662483075854,0.16576783854761423,0.05443836740475061,-0.009658511700116335,0.26545492310998586,0.2506328973818155,-0.04232848735346828,0.14034456151126307,0.23219139347763873
2026-01-30,-0.010052507834071855,0.007844103624966348,-0.0007390768797954639,0.012703282782678738,-0.00716839684544246,0.014734616994749539,0.006334044404567862,0.0005853796099042352,0.0032569838499654225,0.030707807217529526,-0.025500683091003173,0.01843667609195454,0.011976510344387847,0.047640195664598206,0.02911454138391245,-0.046018528655389024,0.07694753032571855,-0.039453687802446624,0.019142623456096963,0.06451030954822423,0.16869158776966664,0.039079461054011944,0.010026040263497071,0.23182095212146958,0.27674839545098395,-0.07679365735481547,0.16516549967219474,0.22487563188780313
2026-02-02,0.015294624385431943,0.014067820495697658,0.01683434086633162,0.006730006935850463,-0.028880854608678286,0.041295977543373885,-0.021216352129170724,0.01904206266164299,0.007901229268773013,0.03129690113668793,-0.017520562478065993,-0.004612009145457452,0.05457325688449721,0.026401791636164074,0.05259509143241692,-0.030558013604046197,0.09805116883134612,-0.02842715174801569,-0.004772127320330721,0.11354447525061251,0.15007480499426462,0.09019117853570546,0.01832738387653743,0.22180899756639438,0.2382040448752749,-0.0851183278339549,0.2160117860934847,0.21728605521731792
2026-02-03,-0.017863069956986388,0.013236433286849314,-0.011580300604792315,-0.03895104114147008,-0.028392945801114955,0.029421274702515987,0.03851159348080202,-0.02476703343139175,0.040175229669408896,0.015423710216377673,-0.03467975873782403,-0.04339066508512346,0.09209851659445012,0.0504275496159412,0.05350991221716339,-0.00625946629955898,0.07793104965313002,-0.07117999124527419,-0.045062284438247446,0.13258244932602836,0.171871147405821,-0.022930169828534464,0.03392382083087653,0.20890560204418085,0.16465436430617109,-0.10933859916942801,0.2647788683632992,0.26781353259231877
2026-02-04,-0.023593955826118118,0.020435849915865667,-0.01963432234313034,0.10330252096891268,-0.03410220337884484,0.002270723092156368,0.026855818751763127,-0.04123282679795304,0.06407737642536548,-0.008839067673904522,0.0813830679421903,-0.09048667588362669,0.09805268851019466,0.07275763039688488,-0.0003003177986908856,0.010651523861860968,0.052126045830585,0.06299501975492516,-0.07404847434268347,0.1356578250164273,0.17732918563137456,-0.08271651380644074,0.059178427366969544,0.17460118798094504,0.23670798077332234,-0.15796742236013617,0.2625348470890956,0.30872806307530287
2026-02-05,-0.04420791797466184,0.00011914351620934127,-0.005374779306136834,-0.07793188407159979,-0.01326138417734124,-0.008281150523760994,-0.010231005223689915,-0.07876553850434576,0.056838452186152244,-0.020694784632581897,-0.0032221946084989295,-0.10716322866229977,0.08116858694841667,0.03964132249123975,-0.07570659855089312,0.00969848106173421,0.05379524644160272,-0.040600022700226446,-0.08203379266206845,0.11019776132651016,0.20677403459633292,-0.10681054107375554,0.03328140684995273,0.1943022384818125,0.1273396405472409,-0.13488564213691667,0.24375457610999662,0.29102603948414707
2026-02-06,-0.05554804877440456,0.008335115932756487,-0.02532829146093707,0.036577742475799147,0.07871770227202068,0.03340150418368859,0.020331365797741086,-0.1211031983199391,0.0573533340865402,-0.04479294110397625,0.020276822272760064,-0.029927303460905885,0.10105758226480988,0.054101922135509684,-0.12932600823858387,0.024127229981681486,0.002733036276681755,-0.045041465052463425,-0.019565326500571856,0.16376853557530513,0.25791212903156757,-0.1593924464846146,0.03952781013254536,0.13633419038222816,0.14465612962698593,-0.05014955191492976,0.29543116905789435,0.32260443420300766
2026-02-09,-0.00760748406141476,-0.019701253395605356,0.004522119395378388,-0.012767129725284265,0.024971663419029566,-0.01646583704919602,0.014491837868381152,-0.14092856662408781,0.022142826321359,-0.05635895573102523,0.0005173271757712428,0.023867184709243094,0.039980726794220045,0.09255788918632724,-0.15254372118067305,-0.0033815604749328765,-0.003441462481734159,-0.03733894127776072,0.027021162984877778,0.14106314777900186,0.23024979016076363,-0.14121129449269076,0.009996943600928176,0.13970892989183326,0.11602263947656177,0.010477288700424747,0.2714694688900754,0.33216231020859
2026-02-10,-0.008432323191560842,0.00445711789381642,-0.017698662560139744,-0.018829004023451335,-0.007893101110529654,-0.01798181324888848,0.0025129582881242563,-0.13267952833446306,0.013286340357968163,-0.06220013581706807,0.02146573631672055,0.0454696609156684,-0.007908605854591078,0.0546858104087804,-0.1633923412205156,0.002404291073489384,-0.030404568897058115,-0.03625562133121374,0.019906921794843102,0.10626029433677386,0.216515477535836,-0.1532261216280486,0.002484651625938916,0.1433073532723863,0.1104918639293726,0.002128516385228707,0.23753075639023669,0.3045204581869445
2026-02-11,-0.013915755650289796,-0.0005596617751922883,-0.023918591893986596,-0.009551224436058825,0.008008991631896611,0.01633783001300637,0.026189084387423733,-0.12408259144385314,-0.007562069865103771,-0.0662983896569197,-0.08301715206184856,0.0910500286550322,0.006015631774183294,0.0540010061153835,-0.1719884739712808,0.0027071521238224427,-0.06297832891526423,-0.060860310523789596,0.027630596195971302,0.09154866249092697,0.25421272084779223,-0.17842187260237674,0.006116902008413749,0.07260736745636298,0.05178861072625862,-0.04516162023578163,0.25983677829310015,0.3273609804548496
2026-02-12,-0.021952154485218922,-1.9957698224382092e-05,-0.006303051873291943,0.022714552435761703,-0.016364120017250072,0.03781937234593724,-0.029767761278130633,-0.1036867218319153,-0.0077001027407133105,-0.06716980290158425,0.017074212544573975,0.08761929231537935,0.05278074737561944,0.03319639347719394,-0.17724649183088736,0.009631733352132077,-0.08027508696455632,-0.03613099917698548,0.0060815080747187444,0.11033562927434248,0.19274009613836407,-0.1987153704822867,0.005914664731498487,0.06141956707940399,0.05176393222946696,-0.03214738973058284,0.2945901618422275,0.27107561840364336
2026-02-13,-0.004058180323715632,-0.004919945450310825,-0.010614844217675667,0.0033379561775135347,-0.02209264710071812,0.0018706630084099896,-0.009871235092451358,-0.0548212896375182,-0.020744373282076123,-0.05308798666368264,-0.015540156922526638,-0.014022945141103471,0.020658612461452064,0.0026129777757857298,-0.1599831041065326,0.008922222348050957,-0.08968557425872947,-0.02939964106781301,-0.001801841135854021,0.11537810931273729,0.14776870427682431,-0.1859541532743506,-0.009653674686379343,0.06700147204798212,0.02504046058996634,-0.056655455974073954,0.2970119037690371,0.2762153291036402
2026-02-17,0.011871828009746066,0.011777742966359028,-0.012102646085931701,-0.0037979837599804167,0.011815537711723945,-0.037642832396105996,-0.015223895115815345,-0.03626872019904859,0.01070112679396007,-0.06875930922512785,-0.006596204289461505,-0.026678551672675965,-0.001317729084256647,-0.026754808560155996,-0.15547065210344257,0.021903310161730305,-0.09243347443815031,0.004655852299029428,-0.011120061387620672,0.08095638090631052,0.13966092394145102,-0.1533378552647543,-0.018904293360822222,0.08488900258649879,0.016065924374670804,-0.010059362768189195,0.2591441379132766,0.24969785553929325
2026-02-18,0.018095945812067304,-0.008621196055538904,0.004337473124623736,-0.014951071890936807,0.016272852504360502,-0.017306927966784347,0.03071336442023953,-0.010485182437853902,-0.0024584859059780806,-0.047868625852374724,-0.0026699238391170166,-0.0029701781103264047,-0.0006313915242881496,0.0006223035637591412,-0.14356809356001488,0.011717242756135171,-0.08081820253931371,-0.01553993044190094,0.009396999764341718,0.057811232491525644,0.16779073564914526,-0.127402142589088,-0.0193932390258984,0.09810931093745068,-0.0029422904767880675,-0.011461036384294743,0.23807663556595537,0.27155945224516986
2026-02-19,0.00034184934085601526,-0.00426794808654718,-0.0015823770894107803,0.00260637938102648,-0.00042552880599477927,-0.0138208693857369,0.0019246787699103152,0.003822024560459214,-0.0061597268908011316,-0.026080473021553252,0.009572146866582809,-0.01131283028875718,-0.030286548069207386,-0.023037571417366065,-0.11316017051795857,0.023795272758823094,-0.059472068805071054,-0.015713470722469203,0.055203008493007744,0.05189115603944816,0.16492614116855497,-0.12028168117039051,-0.012558135360610234,0.06325212847533757,0.0031591586198653765,0.0070228395831586354,0.21539130682429009,0.29143674760781235
2026-02-20,0.025627257563010764,0.0025355370053421478,0.040052807314611805,-0.013389041235204346,0.010218257158700395,-0.015055641132971975,-0.024441991405953267,0.05265528149024856,-0.0036199226480329028,0.019352771528580837,-0.0260674971427709,0.015406056027943649,-0.07969168850864516,-0.01767485838770133,-0.09165188349834275,0.02970056845085467,-0.040806443947973725,-0.06241433481913339,0.03545712666095646,0.030412232633657332,0.10965992013331105,-0.05589756131575119,-0.01223304909072298,0.10871688268578117,-0.018295269246588974,0.04670589039122519,0.21551157299078838,0.24558245008319624
2026-02-23,-0.023035535309270605,-0.008249730566912694,-0.011080081023819632,0.04857756263144952,0.009113885259954158,0.022928667488826937,0.023628491290873965,0.032597269506423165,-0.006954057963956428,0.01887344310426764,0.017846243856142197,0.04780922985899494,-0.06034801745178808,0.015560842492624127,-0.12405049295773729,0.019814663454391646,-0.057633027936578096,-0.024879214102043634,0.03630177054141259,0.06772468061801096,0.1356245097110056,-0.07822532658837622,-0.014303980545120387,0.06449145518980237,0.01021992019133533,0.027024899790810908,0.2530210877670567,0.2932669480061405
2026-02-24,0.016027637831418806,0.0008500747451829493,-0.0018940708591722588,-0.015502224719417868,0.006786724366676156,0.007471636766502199,-0.00994966372170536,0.03683819978599012,-0.01767941405959439,0.029402114073237673,0.005887707832781697,0.04260152465800959,-0.016297947667610613,0.020999949769433313,-0.12794784092221378,0.03244463850620405,-0.05193177048609654,-0.01916832418805048,0.02760171484675955,0.07661600359657705,0.11324640897347593,-0.03951368635521746,-0.013190424281547042,0.07480866949681308,0.0005744488935959247,0.06765250306176585,0.1857751589278145,0.2840101685185077
2026-02-25,0.00997315810991184,-0.0010515854502044508,0.00643284820201151,-0.012781277874344354,0.014052296839024425,-0.007889582228325476,-0.0013398578585576137,0.028565878682079937,-0.010178966909032305,0.03154978215509141,0.008103403995214364,0.04032344085742179,-0.00687093266761829,-0.01075120381632455,-0.11651706649042026,0.021759341814611366,-0.06109351572340993,-0.030301367873724838,0.04874770424515473,0.06893912264412605,0.11282676664241742,-0.045539004669801986,-0.019938929728137156,0.04486639063661135,-0.027510418756813704,0.09330765353047954,0.19641420062371306,0.2816326066959689
2026-02-26,-0.012913032798065993,0.01757125319329056,-0.017641310753361283,-0.0066191512596373014,-0.0545612407949545,-0.010576580097380717,-0.0034886340611473,0.014937018205003039,0.011530589121779844,0.014957938078462352,-0.0011727077808318942,-0.016019184722388724,-0.00360377977918247,-0.016096029944436263,-0.15023702634953728,0.05898834813221843,-0.08121346015480668,-0.015184225227047876,-0.019255267327377035,0.06396436452088405,0.09281632105021531,-0.08113841572121916,-0.010121864783227852,-0.034524769435512415,-0.04339006380146104,0.012874715229967748,0.1980935920979825,0.2893857144457359
2026-02-27,0.01000385652833935,0.004535776390856228,0.014249474647304972,0.029324178671681134,-0.041646311846979644,0.028371643242640188,0.026659598092395154,-0.0005235381944316275,0.013548775260155965,-0.010222799991157605,0.04206939226128514,-0.0665367244051166,0.040328429808868194,0.03544273693631106,-0.13583801182262634,0.06644284487848129,-0.0721704654095916,0.029249614110295363,-0.07482246516072,0.0976237432752256,0.11583424185107627,-0.08564461325277695,-0.0071179878188918355,-0.03548123067207487,-0.050628136904955046,-0.003487370596718331,0.19823192227935316,0.34063818208718
2026-03-02,-0.007666669573102691,-0.04907416215515803,-0.016807943446709328,-0.03233866381993822,0.029854898026954846,-0.006643145966924391,0.011278690083532883,0.015199469246593988,-0.028172970538421604,-0.01595562781894888,-0.03834461422448099,-0.04735061072712243,0.010253607158188682,0.022950400046955366,-0.13792246277730924,0.007089084968721737,-0.09380642559903729,-0.004365606068470473,-0.05210115180729458,0.08253128687397293,0.10488891373834974,-0.09063538113346248,-0.060755426894186004,-0.04134882294471032,-0.07667117449903005,0.012371931377517242,0.16736110969432705,0.3526874742635884
2026-03-03,0.0016315386481426941,0.0024782303987151977,-0.009591529564517476,-0.010059244701379755,-0.013316539505995872,0.0063729305482609355,-0.015497333153763782,0.0008151043869164543,-0.0265920287848066,-0.023544642870298338,-0.03302792262756693,-0.06637287392068991,0.009151867039977724,0.01721837768717771,-0.12774762613607993,0.0017272315451148934,-0.10183439462592048,-0.02674447620866316,-0.05797104689115995,0.07361093761441806,0.08091949009621402,-0.10500816981811278,-0.0631556652482822,-0.05122566386546923,-0.061422500314619266,0.017288296395822966,0.1598112460730381,0.31851289953533035
2026-03-04,0.03875826073047883,0.012714030706760582,-0.0014821877429089803,-0.00412807091254086,0.016606495502460517,-0.0007818332048442622,-0.013238460348413805,0.029339194609179442,-0.013178362672810806,-0.03122392248055661,-0.02455218232376466,-0.06402125047383933,0.016381705643636613,0.0050986618692194785,-0.10758972121874111,0.0003899165549763328,-0.11801330926864773,-0.03724151530643249,-0.01384628526098497,0.030227309112621947,0.08972987299794855,-0.07294337781094973,-0.041431476378715915,-0.03671664992449286,-0.049764169594116,0.017397624399032363,0.14830572830941824,0.2931374376124214
2026-03-05,0.009777672934109694,0.02650361577701399,-0.007422644642436693,-0.020237738767600155,0.0016390080583172928,-0.0352085243349608,0.006274141468621597,0.05300117530544912,-0.004515923907556396,-0.021146545061505817,-0.037924919961419,-0.008383338305975596,-0.008921371880013185,0.014945566738041816,-0.08247419779770049,0.01348888847133467,-0.11430334959698074,-0.01849492547767062,0.016635299584824015,-0.0344530949038101,0.055902504379689466,-0.06603530350846054,-0.012335932251638315,-0.046652052722445436,-0.05851993593599125,0.0104166587824579,0.09920252720137679,0.31534821866154017
2026-03-06,-0.026171534044230005,-0.0028376956983936497,-0.007843650721151452,0.007190377742934295,-0.03010798420604055,0.003973746142769796,0.002984939876281789,0.015285746256510357,-0.011822954899257221,-0.04246864838803022,-0.05861264763877916,0.0035554668327519856,-0.032434500179144066,-0.008458967194265421,-0.08489634024184445,-0.009626214626353602,-0.10365124436768725,-0.10399691111318854,0.0208393305077188,-0.03281247166904744,0.031356389602831714,-0.082494180937007,-0.009173937770441287,-0.06543427283349268,-0.04022710762488613,-0.009800635910756306,0.08427902135352716,0.2921721893975462
2026-03-09,0.0013132534612816382,-0.0035672747206413336,0.026985310109787886,0.018236372557953295,0.02716223428151121,0.004361850651208865,-0.005092304689750193,0.024473372611224065,0.035466602043152884,0.00018162832030865772,-0.009410826907464531,0.0009315657110897657,-0.02171523548577703,-0.024510440665161615,-0.041313021902107505,-0.013276711676999287,-0.07448857557885469,-0.010547139339895706,0.06265994940569364,-0.020482209857887512,0.03671100432394847,-0.06817683678397124,-0.011982589765419771,-0.0341408390429081,-0.004353827933064269,-0.003980913583053525,0.08493088025444107,0.29283549780263596
2026-03-10,0.00393459326562029,-0.006154459942610768,0.002219686727622072,-0.006981477251871371,0.011606999188437328,0.006273157111867711,-0.015354902720048136,0.026828947530979086,0.026549837306358404,0.012109395394353628,-0.006331043499759548,0.02621501030839757,-0.021812224216061882,-0.02436931417998267,0.019066158079075857,-0.027455729870690226,-0.04833005644892929,-0.05212607047218554,-0.0034517461687593176,-0.0461960282202758,0.00045185507518841206,-0.06622226736844816,-0.02022441559962951,-0.042994487254558456,-0.0072143080604225585,0.012937921284280396,0.08917606181545046,0.27953787275258324
2026-03-11,-0.007838417021498345,-0.0011535340335153688,0.0054064734754804,-0.0015079443824538297,0.006873722377926494,-0.01302751330933205,0.02329025727098477,-0.019232604403978337,0.012492812424387711,0.0190918234043862,-0.0037167129628642437,0.01639024731847938,-0.03380017137557967,0.01174735270563887,0.018829018075875004,-0.009054728898232,-0.04749223199365871,-0.041315765654011294,-0.021047814612535132,-0.04286163785247443,0.009128509420244235,-0.06276171506664363,-0.007360785916459944,-0.015308857047570346,0.003928175659013267,0.0026411345751613524,0.08965951154252183,0.31566078320216806
2026-03-12,-0.014671973697334195,-0.0034037576247571977,-0.016682942048633964,-0.022593643285594767,-0.015535125563684415,0.014900047840975095,0.012864530415857,-0.042979828067864045,-0.017006353620794168,0.009584158013864696,-0.006112343403029241,-0.0010368115112129317,0.01638154671602221,0.018373587342787046,0.012417819781880945,-0.01680986078298974,-0.04650731866771918,-0.044994125821012365,-0.028588510627827857,-0.010812851900721898,0.01954839124327079,-0.08068620365649914,0.0009360885161922017,-0.041996700687138566,-0.0033993693459063445,-0.00983992295367142,0.09147830402580737,0.30700497749273525
2026-03-13,-0.008877013416636048,-0.003781365373863088,-0.004183788716005665,0.00801232551887554,-0.015780274103308733,0.009494826670734424,0.016869575258289915,-0.025983811127386236,-0.017936614713963905,0.013308307643706607,-0.005301251709812327,0.013720351899655592,0.021970860568218065,0.03247125260251282,0.017591122626814615,-0.019979181740476082,-0.027229223376210365,-0.028059082038613847,-0.051514066104762724,-0.0174730496820924,0.01028919068818257,-0.10402105762934843,-0.0008155983574781311,-0.05532995843689137,-0.00696011067541169,-0.01915464488306362,0.12014400022568705,0.31471128978100493
2026-03-16,0.0195984367511175,0.004448692286618705,0.010850862751563328,0.004101151602029285,0.01647712189016981,-0.004189010822423511,0.007109961700376477,-0.00819710503991733,-0.010036244226549473,-0.0026112672386072733,-0.019109721894727816,0.003175069438979161,0.013270080811259133,0.04513422558361446,0.06082163836885068,-0.015599724321925246,-0.010436551442160269,-0.045748402924519094,-0.01984639655880749,-0.057243331199286485,0.048689445199885384,-0.08051065391876155,-0.007340959168361083,-0.021300416870957628,-0.018436205272812645,0.012711707877665956,0.0928569155342418,0.32405883669840074
2026-03-17,0.016340754535353108,0.0007517017606524234,0.01754161510658081,-0.05941645182101274,-0.00704076266961684,-0.0072227647557240315,0.010048992858355144,0.004059138290276598,-0.003157056765139332,0.01263680554596136,-0.07090428121999581,-0.015317259906154623,-0.0003196823109590241,0.07209874387095083,0.08254944522528995,-0.009988948533089181,0.017724981834593256,-0.10543267350096808,-0.004759937989921137,-0.06580021382239098,0.06978784526498893,-0.048587494471648784,-0.01389334279717147,0.005977772217661492,-0.09304752377428449,0.03953741622338924,0.07180813114043083,0.34546817126752405
2026-03-18,-0.024767666852414494,-0.01646430137772703,-0.010388559265513075,-0.01322083821285358,-0.00840982158463277,-0.024784159213753765,-0.007682146137123036,-0.013073119487838514,-0.01843711321287389,-0.0032718164097370606,-0.08180311556837583,-0.030263962370347897,-0.012227701704789817,0.039649031238043975,0.043350740667636334,-0.03762341293106053,0.01949082215318687,-0.11389418791117911,-0.02465396717809243,-0.05331776952638145,0.07798064294705043,-0.056933578463151724,-0.04326790839061634,-0.0010167797390734368,-0.1342581952813141,0.023369223306450193,0.04443878083729169,0.3471500093470088
2026-03-19,-0.005288991452693126,-0.006171672604787126,-0.0018200057010314685,-0.0005990483289814996,-0.010199536586162128,-0.0072963146182618566,0.0036170120053331534,-0.0036749118357606303,-0.021163275025108175,0.011793830452351939,-0.06114091256062637,-0.025008200536848713,-0.03383076695914233,0.03015696860958017,0.019385718789278084,-0.03524554888040654,0.01324043986800949,-0.10098375155559924,-0.05006027377688882,-0.04367399565344632,0.04964168431312377,-0.06200576565033733,-0.03673172512419598,0.0025319219705419727,-0.12829362549282397,0.004780864999981205,0.04912490479367371,0.3883344812554932
2026-03-20,-0.01623874055782004,-0.001121559634045144,-0.019958990607744198,-0.011771108603158886,-0.03281810422532416,-0.015077521223579304,0.009547273778944598,-0.011075278432307267,-0.018549877273910775,-0.004234480562610554,-0.07956713259386772,-0.041886286001430295,-0.05734851652241568,0.022738986914836445,0.002489478206172402,-0.032197045762856535,-0.00540899854065946,-0.11387574543816015,-0.08084436752104263,-0.04489260674917106,0.057627308016836354,-0.07185795113780968,-0.04626487215290753,0.015138511093104379,-0.1282184243056419,0.010350631907287466,0.03116247678878903,0.3689996454869193
2026-03-23,0.02322639327005427,-0.0019960732112215274,0.00352158657340107,0.004246099672653436,0.01702375502813336,0.014283380197674056,0.009143907680765118,-0.007556465769371523,-0.024847078850625426,-0.011454378936918475,-0.07943426254580865,-0.04137103908172102,-0.03986223952033707,0.024804497068176667,0.00014277654185779198,-0.036571659522825595,-0.04034340106907075,-0.09803675038925774,-0.07465232767798302,-0.016442353766477513,0.09403863745649077,-0.07329333003968863,-0.04650470406819385,-0.000619444374046707,-0.13701677000227497,0.008668379919383629,0.05345080119069645,0.3918310305285544
2026-03-24,-0.013800294588880768,-0.0013542739263803227,-0.03846916245483134,-0.008269693021077162,-0.002505138026276832,0.011017248096657273,0.026376193256980818,-0.03698880840129648,-0.026899184622183436,-0.06586906632527911,-0.029376026013593015,-0.036992227771550756,-0.022221902424073403,0.04137021666331653,0.009597121740633208,-0.029873120028787503,-0.06692200690920658,-0.14693550358318563,-0.0853068596486728,-0.02789532012963858,0.09697533972759032,-0.0884539259752436,-0.030736279385580545,-0.05376857028065096,-0.15578362314581007,-0.03193836731145894,0.0694340907108959,0.4267059949476151
2026-03-25,0.021569200454641724,-0.006550777582920886,0.0016870618036641805,0.014717269970083935,0.019862989658425256,0.008275198885291601,-0.012818994405623618,0.008767387618474176,-0.017090838975445388,-0.05447043983438049,-0.0018953103273467997,-0.009534375160179187,0.010924314974430915,0.03597944315913004,0.015103611393112226,-0.03704678765330072,-0.06357418982840068,-0.12075039817558497,-0.07342671674025203,-0.027119966791902095,0.09379612258433445,-0.0731952304776603,-0.04752477084806206,-0.060188510538036755,-0.14736978763983433,-0.027221578686083103,0.09513813376143876,0.3910129563607321
2026-03-26,-0.019696817795534227,-0.0019320301203669121,-0.034406831540405025,-0.021073630094940787,-0.04163861365338872,-0.0071509428289814325,0.013291648141221524,-0.005844037424819759,-0.012897777334379468,-0.08533842684982451,-0.022343335762504912,-0.040994579779984885,0.011072354997510248,0.04596604565483564,-0.014717081810189048,-0.03789550717783041,-0.1015730789328877,-0.12813584096018726,-0.12431335241331487,-0.026395644669595653,0.10982147881394266,-0.10597056159298235,-0.05042860334356214,-0.10571731817795427,-0.16156811616532096,-0.09492486569507097,0.10397429067672359,0.3945121752233467
2026-03-27,-0.039510442389467326,-0.01426557311848664,-0.023423098303163248,-0.020914181961889544,-0.02172390271764868,0.005811107232896573,0.03360941870519185,-0.02936163472106068,-0.025886830257061177,-0.0885714407379049,-0.031388595093205574,-0.02999416773199881,0.03251558045053726,0.07089621706153992,-0.04126588065897829,-0.06799694089624309,-0.10686087619420803,-0.14068221221092292,-0.09389867116969342,-0.010269966383022244,0.15113783223402244,-0.14218094436130035,-0.06552440727544817,-0.12594122565195587,-0.18317355458748896,-0.11176994380940697,0.10332590153835897,0.4437990059336039
2026-03-30,0.008076656164990315,0.013170000547178429,-0.0030618806922197983,0.009553229566767296,-0.014028211816980884,0.004963749840841691,0.002807163374213051,-0.04373276134052828,-0.011083810163857621,-0.0945507441880108,-0.0262697835345288,-0.059610574226181545,0.023028425543597963,0.06417170982850462,-0.0430952526274182,-0.05998615271347463,-0.12210510271472019,-0.15718772971392148,-0.06778639399446906,-0.03279829578192861,0.1243933883638153,-0.13577329582028486,-0.047441269737058867,-0.12700541960938716,-0.17595933433874267,-0.13305546785661715,0.10751254322943926,0.4491890158056373
2026-03-31,0.03642700888472339,0.009564759006224888,0.05140766931844154,0.03737750561438702,0.05588179348466227,0.006315825437571476,-0.010555741608490044,0.004970076973535242,-0.0002711584271283263,-0.009916006261546317,0.018548909910217848,-0.004566227543908896,0.018271148622957867,0.02587978477094177,-0.0005758199411629583,-0.0020201203606586837,-0.0611951940528731,-0.09646644134608795,-0.04422712742765267,-0.020180534927454863,0.10011670689714247,-0.10255527341155923,-0.04360837464976808,-0.08227314403322483,-0.14593535126490975,-0.07337457369635358,0.10668316533466404,0.4169986804984236
2026-04-01,0.011043371606930696,-0.0014607933831370934,0.03418422998087833,0.03778114251254494,0.0077408609562046315,0.0037013026951890904,-0.052339947978418455,-0.005384721333409503,0.004850999699175684,0.022204730125076733,0.041699873170283785,-0.01639798967922379,0.013651907236948091,-0.015190441576038993,0.008815271567779392,-0.005941468835374275,-0.019700301115282426,-0.05280181285653829,-0.023829408265939933,-0.022781671041523288,0.058947518169379265,-0.09443939091885167,-0.05004862298294599,-0.051778422172300664,-0.11450514037991932,-0.0628158473472159,0.11683342516645445,0.3377276462476275
2026-04-02,-0.0037992260242744047,-0.0024033310271355246,-0.005447478243950976,-0.019842453049359943,0.009331433227018238,0.008417542048797966,-0.0005598211782673612,0.010744969926127057,0.004376495755939569,0.05286193534145478,0.043009999255002596,0.03591446916141261,0.029546593619706574,-0.028652567124070494,-0.03251546358088486,-0.02078034925435457,-0.02359324427207521,-0.06774814665441309,-0.030815102217079393,-0.013784838906595542,0.07255365596811458,-0.09119661374150356,-0.050333210186368826,-0.0543827504454264,-0.12798093596015325,-0.048795746421374964,0.13138990696983388,0.34420025480732286
2026-04-06,0.014396667550949482,-0.002032054484760515,0.014267847913765452,-0.009106663806076054,0.0014093240930164175,0.007949736943203334,0.01667803857807426,0.06747264570750677,0.016841372949057742,0.0934970993616715,0.05558842626927185,0.06041066654181759,0.03173569147061195,-0.0445640442486932,-0.028089929143575887,-0.04800157735141941,-0.0022561229357611623,-0.05715683723864029,-0.031037344191125582,0.03033177351435956,0.08364281887234437,-0.060529830966301046,-0.04119955916119744,-0.047434045465649666,-0.14046499589189987,-0.05930838917616987,0.12673113780936007,0.34087977103844636
2026-04-07,0.00460553135602737,0.0035685412318497978,0.01823394579408988,0.004347138192829059,0.0025895446715138437,-0.03391434381843472,0.0033054882558405385,0.06379700183583847,0.007205121315826624,0.11685554462551417,0.05014493934903519,0.07828303007756143,-0.008178103281651916,-0.044089259537392955,0.0026265069225632764,-0.04188549431619448,0.023968334802724645,-0.05981842836296847,0.0016288535954878114,-0.008551019063413823,0.08398914505910926,-0.08276835788296577,-0.04100136983844327,-0.034324265681513366,-0.10452705077008695,-0.05321259429273206,0.0890016960490152,0.31622945987290807
2026-04-08,0.03499085736091123,0.003493167408466613,0.03882674065642666,0.02385374151178654,0.02234697131467711,0.03894198282771777,-0.0469160615120342,0.06232292438309317,0.0011477207407313283,0.10349148010255171,0.03645473269192734,0.04403674428525961,0.023978140799330916,-0.0792172821901872,0.03634828004669477,-0.035096564317390166,0.03577497877237179,-0.05463166926280738,-0.0030667107119410897,0.0255845236046226,0.0384205977308969,-0.08168344861183208,-0.03867345609669737,0.010190859907663885,-0.10257975641690043,-0.027505609684916332,0.11528056437777301,0.29914300610528777
2026-04-09,0.056045170153601775,0.01136010882132621,0.0036870757694167366,0.0019825517233904577,0.010050537196021558,0.014694279966346313,-0.007553437836438803,0.10960718891332388,0.014002115375195912,0.07095051799530339,0.0007018968316705454,0.0464296083192568,0.03519319890251582,-0.03570099758815393,0.09014133299293592,-0.018092043097879373,0.03729149742965143,-0.04609778100705675,-0.004600595684065456,0.03416725604649207,0.046648132555366706,-0.032745503154721245,-0.022010769607414993,-0.010142917452440336,-0.13654650414097846,-0.0274445522665423,0.14793294660478162,0.3171862892669859
2026-04-10,0.020244002182271403,-0.010923368048650017,-0.0039247701288198655,-0.016457466805701593,0.025664733438725884,-0.018276173071495316,-0.01631844232987434,0.13638747212490543,0.005341966608073623,0.07259019514556186,0.004157833242420583,0.06336324218861211,0.0077907081744919005,-0.05090553206444026,0.12099699847089207,-0.027696199576314084,0.027664326821005725,-0.060379699958931665,0.013976273292353403,0.02866761736623058,0.006135315028162225,-0.03211656428984799,-0.039758279916731754,-0.024510449756749764,-0.13283571931323146,0.019456421569132853,0.12346480297167295,0.24909700870095208
2026-04-13,0.006334400855383171,0.0006043103742661149,0.012829427088343559,-0.010559146677773579,0.0036049019677633076,-0.017354255793128326,0.0008524794530593294,0.1273556415177617,0.007997811661996534,0.07106906236292065,0.00268590685035508,0.06569465328215585,-0.017509292236963958,-0.06567908873391015,0.14489572274722584,-0.0237858298778304,0.05850769388842125,-0.04881045116511773,0.033690063282232785,-0.004024230209974333,-0.005796930910617615,-0.0302773277763988,-0.03788820563185358,-0.02140736395028242,-0.12454269551418662,0.024127708600286457,0.08989475666642321,0.23310648551605073
2026-04-14,0.038059130876826774,-0.00551863612947201,0.03610222586180267,-0.007584268831508423,0.03803284053190947,0.0038533337571451387,-0.022274613211083927,0.16489684846089103,-0.001129472143804433,0.08986450918259825,-0.009225765137604092,0.1033688252240712,0.020899716358050435,-0.08950037147642176,0.19911401005491536,-0.025488215549024695,0.1013299093770883,-0.06352784813332024,0.09020801390755029,-0.009590172797226182,-0.04406857681307219,0.010346099075458692,-0.04237272006305348,0.0038702506676797643,-0.1451991841011675,0.06261830038222471,0.06219074852629647,0.2112774874058203
2026-04-15,-0.00208820280916866,-0.0072245511272313045,0.012646034690357633,-0.018937628821123043,0.012009570384825752,-0.002319104188471255,-0.0015411767067384785,0.12316384180790951,-0.011797818993453668,0.062397539820860715,-0.05063459677179882,0.09221217661076042,-0.019644830621179166,-0.04615286126125129,0.1736091128420354,-0.036813545908771395,0.10328576322410088,-0.08501490274413359,0.0854164053717732,-0.00773040831747529,-0.052280088330382446,0.02431984232501172,-0.04270655503097609,0.0041292313895757715,-0.1584209240823069,0.07034476415185376,0.03868431074167433,0.18542128591248797
2026-04-16,0.004828961562342915,0.002172580706728988,-0.0032629512323445464,-0.001149195363954969,-0.0026147182905368327,0.0004809025208936113,0.01993157920727917,0.06869250362090118,-0.02077497286942087,0.05504097245378614,-0.053601886303210944,0.07851667747196767,-0.03337720137372158,-0.019736824504387074,0.16031598740355757,-0.035446002539765376,0.08072807957655437,-0.028333418766010365,0.09025457092716205,-3.0680209641920086e-05,-0.04300734618827606,0.05514474281992232,-0.03656088208952002,0.00124024012227264,-0.15633361475479246,0.0831099119759986,0.04195402287849004,0.17506162146650528
2026-04-17,0.003444135445984209,-0.0011365729720314022,0.016844246911391636,0.02548703055421786,0.0167884369538549,0.021470926639347132,-0.036452191056455696,0.05109485873938513,-0.011085658245218233,0.0770394754562631,-0.013241462791617087,0.06918299027281538,0.005758502279287869,-0.039800606637393154,0.19388194305091444,-0.020414090910722993,0.11046829589741947,0.009781636727902887,0.11796008591612028,0.047398478344713446,-0.07075321564981585,0.05197751811028306,-0.03662053656719799,0.027467168535828312,-0.10106069006928586,0.07827264268126721,0.07182611274942352,0.14160979660310757
2026-04-20,-0.009099612075002872,-0.005267815901923489,-0.012467745666598473,-0.007691217441824216,0.0018841972263623497,0.003294094766331135,0.008467550271490154,0.03497436079451033,-0.016889181007324727,0.050138545303753945,-0.010381308343596851,0.06734985032184437,0.026892521589554796,-0.032494848266023224,0.1893083220557703,-0.019523187255076735,0.0986227592985558,0.002615801911812987,0.1316084247385172,0.05857238536028464,-0.06626211293605477,0.03830714222631304,-0.04299706380678647,0.023204689541287626,-0.11263929755402491,0.08506119414872426,0.0708649400241026,0.1445402655689616
2026-04-21,0.0065651880571397925,-0.007583432202368123,-0.015203617683191117,-0.01834984276614604,-0.010788838474320439,0.013133296599485922,0.004604650712823677,0.0035740076073351723,-0.01893036893906974,-0.0018623505162577159,-0.0211165404217728,0.017149307771515465,0.036385466547721235,-0.005896555255950897,0.21687690316935848,-0.025866017337415892,0.10395351676053788,-0.004058707289253505,0.15738279336922112,0.08889273377290885,-0.07083358228492243,0.0818614877147592,-0.03479679049572282,0.03268295884415928,-0.1313398381443056,0.1225406971622447,0.0939767957557156,0.1447866383403047
2026-04-22,0.021807838295304194,-0.0066168753543556225,0.02115621474771645,0.02044245447845605,0.013107839969903834,0.0029319518223280827,0.007683974480842126,0.027605636258960065,-0.018329858272758792,0.006525902464689093,0.01817608083374389,0.018253155186499948,0.04184023485737587,0.003288354887474254,0.21518987985173976,-0.030376300587773963,0.12335300955697481,0.012003708634244603,0.1529264444528038,0.07670630923201882,-0.07217781167693571,0.10397303750636899,-0.0380918776993342,0.0340424301160247,-0.1441810366121442,0.10468551393817416,0.09120936037045047,0.12638618221323172
2026-04-23,-0.001096486445127054,0.011065736923129066,-0.0012672187507363208,-0.0041562986449399375,-0.014123459804205263,0.0157716707423059,0.0068896321963785034,0.021545874844073998,-0.009618638178112371,0.008541234833052913,0.015110797591156855,0.006503621106316304,0.05776311505909271,-0.009540773877482978,0.23084344272259072,-0.01831723243956318,0.1668159062104595,0.016201190887668027,0.13949773325981485,0.0817696420969749,-0.08979324726957738,0.08850390807064534,-0.02877252930377916,0.025983423501198644,-0.1546822642641804,0.08012776006772215,0.12281215414843127,0.13389195757677386
2026-04-24,0.03493017225717909,-0.0026139209449754786,0.016258901147509164,-0.03671331641586173,0.04322783464835034,-0.015981151974077568,-0.010761917027958812,0.053599907433909744,-0.011083440930659494,0.007960668692954753,-0.04646018472455371,0.032675584272128244,0.018980388790113656,0.016867016890096176,0.24694148534587623,-0.014427004099131224,0.18378992392266436,-0.03530460750579967,0.16560338487572812,0.055745215415917926,-0.08789656802896317,0.10382165158078016,-0.02014738683401962,0.050963438337180644,-0.16805068695212744,0.10982727533291725,0.10580676726412275,0.11063606577212393
2026-04-27,-0.010871605831113018,0.007436269879634638,0.017247394154111362,-0.017749657229228055,0.04004415502378422,-0.01793416950069182,-0.004835155130816782,0.05171579024093864,0.0015463713927563738,0.03829050558947755,-0.05612564671120901,0.07200833033534293,-0.0025797749634548506,0.003453514040777872,0.2581671174923119,-0.005175987358644996,0.24711654418318707,-0.03202895633640701,0.2649497410755379,0.04427888034395666,-0.10421321240811998,0.09521012130935791,-0.022048945405493958,0.0519912702603289,-0.18163325402043773,0.16169741053010767,0.08680586935374857,0.10633166119616044
2026-04-28,-0.005438047398549362,0.011315340477445313,-0.0015984402707296397,0.0065992596447224106,-0.01588108781548958,0.0,0.0159929614507357,0.03917413629491384,0.020619004614961245,0.05263471601497316,-0.032136634200324976,0.06648985872261015,-0.015509382245831427,0.014828775364560842,0.3027993226548855,0.020640811179117646,0.2749872546782812,-0.004827852719060055,0.27250473216462834,0.038245524268358366,-0.11948067163124443,0.06138638213526759,0.007352455675834202,0.046259902716812684,-0.1578159525770817,0.1308165545291642,0.09331145700094168,0.10767765139194085
2026-04-29,0.012860978748156615,-0.0058139508909267335,0.000457440856160396,-0.026075466344614884,-0.01838907070702589,0.0032918312727086008,0.02729808106235354,0.030075218970135653,0.021443943096715934,0.0312978748318844,-0.07625768308478276,0.03333333333333344,-0.01515612005114475,0.03458195221967575,0.30898239631559665,0.0015168777970508973,0.27948812592835925,-0.03994901797962336,0.2668765654762988,0.03651823612430327,-0.09797631148952424,0.08242465121130027,0.003991667590484749,0.042190181602927534,-0.1671901391212841,0.09263427217568054,0.10039217474577034,0.1317119734039509
2026-04-30,0.0076793983730687465,-0.003744370316407508,0.09961703465838956,0.09796635732749981,-0.04626041900014932,0.03062257476412933,-0.002198226559964156,0.039124963367959564,0.006481815725577711,0.13547160187696283,0.018471056685478437,-0.0003505913927253079,-0.0007573901407974537,0.02524415157798665,0.27267485533749536,-0.011686156011816218,0.338155484281367,0.016123517111843233,0.14432347654022348,0.06155450038748733,-0.09035720966856031,0.09651264734787235,-0.006690581564705145,0.13842090166476484,-0.08590637289385894,0.03672961175530198,0.1259751756103853,0.1056769547103169
2026-05-01,0.012072784412985094,-0.0012457692784777485,0.0023129279539280123,0.030740462687453673,-0.005612117727474941,-0.002501247147205121,-0.010237822397487384,0.016174929691307627,0.0078624443531492,0.11988969011809081,0.08978910026640774,-0.04715036790114102,0.012931062379070157,0.025787322088719256,0.27397065315470037,-0.011473333823145193,0.29691645127141686,0.009229770392367165,0.12916072232285747,0.05499443647067204,-0.049944094321316856,0.12101966713140189,-0.01564936431185382,0.1418979375562952,-0.06962552194547711,0.03835470169062116,0.10684982516998076,0.08746915251834886
2026-05-04,0.014128002271583506,-0.009492443413994356,-0.006326330539970226,0.0047751102495317,0.00015116543088034007,-0.009650434299747546,0.0061538941189072105,0.04185812224328522,-0.009073430272358407,0.09393732946885347,0.11477992492231337,-0.08369883584195925,0.021475146122716282,0.03711451824149048,0.2968965164324213,-0.018497993038527172,0.29577041023686945,0.03457750947069638,0.11889055984246943,0.03609193454942239,-0.04356211668795251,0.11973156188360123,-0.038519196376093245,0.11588866362801431,-0.07143214931493447,0.06939675729287642,0.05269612799097878,0.1178786291747711
2026-05-05,0.005513692583370089,-0.0064031419583945315,0.013515962624347733,0.021633770995494794,-0.009975794891980305,0.0035293684321406893,0.00774285199079916,0.05333066975328582,-0.026434696653067524,0.11049801026750994,0.13143021675818578,-0.07820048933778057,0.025080308257658057,0.028692896613557117,0.2855397172043408,-0.02279695990139663,0.29480984472951977,0.066673156212266,0.1061697853814032,0.03154814829284014,-0.05196787605547448,0.1463833433515367,-0.0571555915641091,0.14422140087916113,-0.012894955895570659,0.08966754616342598,0.026218814818093517,0.08475842255002619
2026-05-06,0.005264129064761924,0.009258458627578126,0.024740663827064413,-0.0018405070322355943,0.05765904239722497,-0.005428441381225668,-0.039966430551094834,0.045430281710975295,-0.011674909027600044,0.1374521511343061,0.1595845185756133,-0.006786132229129382,0.016170657544319456,-0.0386629434940956,0.2863824893032514,-0.017256526589098153,0.303083937928607,0.060101528922504865,0.16692866203642542,0.06196427104917568,-0.09285589029828423,0.1802651776942561,-0.06748308140869919,0.1960131047268605,-0.10696454362859009,0.19318704053175884,0.01833568777574346,0.014168183471353846
2026-05-07,-0.01389133038400725,0.011174254836951558,-0.0001256615151068452,-0.012248548008688798,0.017658654364679505,0.0009224692182163707,-0.014190627753102536,0.02305144467448339,0.0031249587197565987,0.03427755420954637,0.04318432371426928,0.05977848493235727,-0.013112977921004187,-0.050217081771183336,0.2256271793343927,-0.009734264570577134,0.2542228067823422,0.022721099700507175,0.16157731696555588,0.023102269394311925,-0.06170786306476972,0.21770178478975089,-0.0571752311787177,0.2023250436720112,-0.04334934320722206,0.23057626265146203,0.02778632435981443,0.010110950713932088
2026-05-08,0.0055683857848436435,0.0018102548906462346,0.00706047294540979,-0.02719089293155552,0.01749407540540049,0.003678256905919719,-0.013712618052667547,0.016476488292153313,0.006194356599838136,0.039176502517350054,-0.015446422066001664,0.08440413332114383,-0.0069992135323549975,-0.05355152072258895,0.16704472415517646,-0.019084933084613787,0.25843825577696267,-0.007056162736089555,0.1701375273942176,0.011994965041323358,-0.06753095781584217,0.29650049058543204,-0.06327617966936694,0.2422788273287808,-0.10220098977983738,0.16073376189634359,-0.0017754161098663124,-0.02359202269837679
2026-05-11,-0.013532354923427414,0.007584958887768556,-0.030339255276655375,0.01954765968866412,0.019702628035742187,-0.021774104863673482,0.035346173729486674,-0.01124792389596585,0.02354221599491879,0.014063965162263603,-0.0009711765537071537,0.10560261570460616,-0.01915533983543538,-0.0260915180276049,0.1284083594452914,-0.0007293313356263598,0.22506627982592176,0.02929312288796737,0.16333561342870473,0.008389175648579883,-0.018556109526737363,0.2887600070006786,-0.03720285753061148,0.19916623994970917,-0.07281361135589703,0.15476681912096302,-0.007162970126685098,-0.003520555254246882
2026-05-12,-0.011784761609137218,0.01128141757860912,-0.0033192890497619754,0.02366106897991127,0.006106436032548013,0.021631866485173346,0.0063469281852877035,-0.028258017962699666,0.04175975876480642,-0.0027803892403517327,0.0010112648823987769,0.12356233475469147,-0.0014620474321477284,-0.027440574517253236,0.10809124182143481,0.009933545033049551,0.20553362499366012,0.06489164555047089,0.16623528406608723,0.04839665946227356,-0.013168209461074554,0.28440277686948723,-0.030661596466475483,0.21672018048511843,-0.03266136724884261,0.17106163673988428,0.03288713144998412,0.0002903403184357778
2026-05-13,0.016213969753363422,0.0011547293971891914,0.03942168264634316,0.02614483118140898,0.02287346263103318,0.008592213768659596,0.006240504976167571,-0.01767331729936905,0.03339506393765035,0.011506347286566188,0.029076558055247226,0.08660924717997265,0.012614522690639118,0.01936923724329742,0.08477230844175243,0.016710600841728818,0.20939590486391935,0.10108397472022457,0.14920364431234456,0.0533458146890331,0.015612494730898874,0.32364760123060243,-0.028998840683554183,0.2956760848089477,0.002201792247669143,0.18833054196000565,0.025015391259192388,-0.019154781045397806
2026-05-14,-0.010772604336833247,-0.003007067655533824,-0.0038497536430539547,-0.008909649043976398,0.04388258239276421,0.007530276747332643,0.007983012925278699,-0.01456655238940685,0.01890210330921227,0.00773893104203438,0.03255514839026863,0.11460995505042115,0.0192995178555031,0.042297734193686765,0.0753319968639965,0.021029765018701907,0.1896951030294165,0.11233876152666045,0.1853975525782574,0.06374473505481615,0.025300311360690886,0.3387775202878438,-0.03189938580331153,0.29887492712381625,-0.028788117229917476,0.26111458530687015,-0.0049000159910220775,0.01900893369369072
2026-05-15,-0.011526033074604314,-0.002809538814241508,-0.01069640827431384,-4.980131401377541e-05,-0.04420122985552177,-0.00762501671773852,0.0406589665169379,-0.03131868217958278,0.014203491471505902,-0.010029913014239833,0.06136313721253317,0.047026071187215246,0.007820319939727538,0.0997570309855893,0.057829466866947676,0.015953900420406786,0.18082260505982228,0.11356306710890118,0.13597176904863773,0.055126250792749465,0.046136803823061845,0.32873898872888274,-0.02984619827207513,0.29876784899807074,-0.03206740145459652,0.23260323799990457,-0.014331523562339576,0.07101300496831797
2026-05-18,0.0027257161474880665,0.011767127682078993,0.00040325536216956337,-0.01674755835379993,-0.013314396868819633,0.014378086219299258,0.016274109384609492,-0.015353749331764921,0.018413131716428888,0.021356493104491392,0.0235793160038944,0.013124338547077397,0.04506622905429469,0.07949845719559367,0.05707211020236658,0.029078382361253485,0.16173030598856575,0.06770107474700993,0.10234041748314704,0.04779971616048306,0.10338245672045976,0.31672877647644615,-0.029856376849803468,0.3152090942946393,-0.04464950346033403,0.20198971450652548,0.03894950485479254,0.10526929153253461
2026-05-19,-0.020841158796957915,-0.01621690763043171,-0.023378844969566215,0.03372156927350134,-0.00769164563481417,0.006449682270668999,0.012835675045705486,-0.02437743889768429,-0.009279115966861817,0.00080030348188731,0.03363901283248594,-0.000769988993048476,0.02953579335983414,0.08645887216658688,0.0445464701666336,0.01775123945342183,0.14889451791553254,0.11226026606065687,0.09180443074279787,0.05109528393927554,0.10816170047831575,0.26637045187818575,-0.03728938945643889,0.2789137706675795,0.002555696786525896,0.1736458694400993,0.064066114654598,0.08609843205663714
2026-05-20,0.021863243262898013,0.000915794133188319,0.0032244750250003396,-0.002486737053804311,0.01296405694410474,-0.02496267452240386,-0.038572772406928246,-0.018953818623031693,-0.009515561092701796,-0.034051938853875474,0.004798341391965,-0.01045034136835854,-0.004715867585234901,0.038073041380655814,0.06042177536811044,0.02646743627851511,0.17039331205028718,0.13023398312282852,0.11802079128285592,0.01157186118956921,0.06053344533067584,0.29361519562659844,-0.03227755557234124,0.28507106318888087,-0.002537162186991848,0.1893671913245476,0.0520443460590414,0.04219870670058046
2026-05-21,0.01301830709151064,-0.0019130441294085143,-0.0032141112036964126,0.022358131465295417,-0.017720529342800773,-0.07267871090584144,-0.006334818920508023,0.00464033466323821,-0.008428679487756607,-0.033435568397586324,0.036498593507645616,-0.0688470798682439,-0.08394994573718695,0.023327797602193057,0.05130008933824981,0.03132792711872412,0.14246137950746296,0.13235577178588342,0.08399997287326388,-0.06469016105704173,0.04577941565289656,0.2777116304565457,-0.036571659522825595,0.23161121519828765,0.03360319892380814,0.15647382813809485,-0.009504333530175102,0.06154278627359555
2026-05-22,-0.007971333528174807,0.013333875890649605,-0.012098236591603917,0.022416334698472262,-0.01904237975665879,-0.008818194553464775,-0.0023826075934316737,0.008253170874858773,0.007623767521685698,-0.03480517566681929,0.059785871623188935,-0.044336965952558205,-0.08505135461948965,-0.018996960706588628,0.04406462840081282,0.03364152056212277,0.13007165943792698,0.1625710301612886,0.0785914771056635,-0.08733220120432095,0.03614904783589057,0.29741317182769844,-0.015604427355791928,0.23034319360014055,0.007815570194235288,0.12420593046523232,-0.040244628798367654,0.03456825926637719
2026-05-26,-0.003867523096163561,-0.0056745954560569745,0.015432027686950622,-0.000244140625,-0.00218270197699566,-0.014134838244715286,-0.03298477066065375,0.0016235868652962893,-0.009746528764557394,-0.02030532954355868,0.07757386604016214,-0.0335552647899473,-0.11076943939340189,-0.06654624941753906,0.004924498498570795,0.03046958912853248,0.12915218285310837,0.20658493380061138,0.03164160081962408,-0.08561976338806987,0.012872357392944789,0.27200811109709644,-0.022021828544176225,0.25170069363645164,0.023435041469632267,0.11419042068110175,-0.06082776949233826,0.010497371540175715
2026-05-27,0.024727646527565872,-0.007650597011723215,-0.00012862145113878842,0.017074641581683814,-0.010518451551782437,-0.00025300480200796116,-0.012749507330859777,0.04823787283981407,-0.001123877194661782,0.0030180645387807292,0.060220746241017364,-0.03630839256912677,-0.11669147830722038,-0.0901261696722867,0.04109226097952634,0.015037786649719775,0.10986467613378847,0.24936269874074823,-0.018512508635505243,-0.06915721367026006,0.0048171807943890865,0.29059061380188766,-0.028482311554461015,0.24354019278356764,0.05438623139520682,0.08719329975219114,-0.05359867349007286,-0.0010475177724520446
2026-05-28,0.007908750591183455,-0.00520920138784009,0.003343410630458843,0.04052007821643788,0.007761024690098095,0.003036954678346193,-0.0063555593063451266,0.03392321007921839,-0.007236391168470413,0.0031369756735881715,0.10593113373460739,-0.04125833968917059,-0.09132597646333351,-0.05963649947676064,0.05506348525532179,-0.0015475786948042636,0.11535824302228193,0.2914642650077566,0.0050663875795446955,-0.06633028631551119,-0.017285509356130935,0.3178145556607854,-0.050231761047011436,0.27010416046746677,0.10442036944123179,0.15885986599038726,-0.04057708221673817,-0.003921466016236441
2026-05-29,-0.01226272026117703,-0.006158104726900593,-0.025094220958120417,-0.01934686535627783,-0.014515755474219683,-0.02649286362871328,-0.011567856078975258,0.008120477027297346,-0.011458810521500329,-0.018882544639810206,0.0608169482082741,-0.03813036001386649,-0.04606886852315695,-0.06458882872649685,0.028892966304088663,-0.0018932094056127724,0.08687201715835435,0.30038666857152996,0.009032255147662704,-0.09404811147263792,-0.054464708193668,0.288761974516369,-0.06034260913773448,0.22083561981183264,0.05219844214149982,0.19166666092532902,-0.0917631156037304,-0.041010240698420075
2026-06-01,-0.023795455560301493,-0.010053151704608743,-0.012331078736299128,-0.027298677884615374,0.03997348899215747,-0.01632828846348544,0.024542217927995935,-0.007960329899685759,-0.034273640487648804,-0.019113787766369406,0.009234705105633845,0.019737147466029725,-0.05329671748256748,-0.039342894995753386,-0.003244493169409335,-0.008213713256556066,-0.02377857117138804,0.15202785890411286,0.10026553977285757,-0.13531949854542946,-0.02912497172999673,0.26781521656914564,-0.021783996668152006,0.22639457023979626,0.057678732767243,0.20337509434820578,-0.10061834583674956,-0.028432513609163768
